ID,Ref no.,Type,Type/Breed/Species,Collection,Documented age ,Estimated age,Sex,MC_GL,MC_Bd,MC_DD,MC_Bp,MC_SD,MC_Batf,MC_a,MC_b,MC_c,MC_d,MC_e,MC_f,MC_1,MC_2,MC_3,MC_4,MC_5,MC_6,MC_7,MC_8,MC_9,MC_10,MC_e1,MC_f4,MT_GL,MT_Bd,MT_DD,MT_Bp,MT_SD,MT_Batf,MT_a,MT_b,MT_c,MT_d,MT_e,MT_f,MT_1,MT_2,MT_3,MT_4,MT_5,MT_6,MT_7,MT_8,MT_9,MT_10,PH1_Anterior_GLpe,PH1_Anterior_Bp,PH1_Anterior_Dp,PH1_Anterior_Bd,PH1_Posterior_GLpe,PH1_Posterior_Bp,PH1_Posterior_Dp,PH1_Posterior_Bd,PH2_Anterior_GLpe,PH2_Anterior_Bp,PH2_Anterior_Dp,PH2_Anterior_Bd,PH2_Posterior_GLpe,PH2_Posterior_Bp,PH2_Posterior_Dp,PH2_Posterior_Bd
1494,,Non-draught,Jersey,Zooarchaeology Laboratory of the University of Sheffield,,6.3,Female,185,53.09,20.97,55.09,29.13,51.64,25.46,24.83,24.26,24.34,15.21,14.12,22.68,29.49,26.48,20.95,28.82,26.46,22.26,26.64,20.85,26.94,0.670634921,0.67398568,211,49.61,23.88,45.58,23.63,46.66,23.21,23.03,23.96,23.35,14.74,12.91,21.93,29.26,25.69,20.66,28.97,26.83,21.95,26.15,20.86,26.95,54.54,28.61,27.57,24.82,,,,,37.73,28.03,30.96,22.7,,,,
0078,,Non-draught,Unknown,Zooarchaeology Laboratory of the University of Sheffield,,,Female,180,59.23,21.81,59.94,33.21,54.19,27.58,27.27,27.59,26.56,17.69,15.41,24.26,31.38,27.95,22.87,30.87,27.56,24.04,27.85,22.59,28.31,0.729183842,0.673808483,231,56.75,27.08,55.59,30.29,51.01,27.54,26.64,27.09,25.97,17.03,14.75,25.02,34.97,30.13,24.38,35.2,31.38,26.47,30.89,22.94,32.54,63,30.83,34.2,27.65,62.13,29.95,36.2,27.05,42.83,30.51,33.22,24.33,42.95,30.55,32.46,23.29
0079,,Non-draught,Unknown,Zooarchaeology Laboratory of the University of Sheffield,,8.1,Female,191,59.32,22.3,59.13,35.11,53.63,28.13,27.72,26.89,26.33,18.01,16.55,24.7,32.47,28.9,23.71,31.51,28.77,25.53,27.65,24.22,29.52,0.729149798,0.698017714,218,54.97,27.98,51.83,33.25,52.4,25.62,25.37,25.28,24.49,16.13,13.94,23.66,32.16,27.47,22.7,31.7,29.36,24.79,28.76,21.63,30.34,56.59,32.97,29.47,25.53,,,,,,,,,38.15,29.44,31.85,22.05
76,Bbrtb3,Non-draught,Breitenburger,Museum für Haustierkunde Julius Kühn of the Martin Luther University of Halle-Wittenberg,,3.8,Female,222,62.39,24.16,66.18,33.38,53.27,30.47,28.14,28.46,27.41,17.9,17.3,25.29,34.04,30.22,24.76,33.56,31.32,26.23,29.92,25.13,31.37,0.70778964,0.698707593,254,58.02,29.34,55.26,29.89,54.06,27.8,26.75,26.6,26.49,18.38,16.21,26.44,34.49,30.52,25.25,34.53,31.44,27.31,30.99,25.03,32.32,62.15,34.15,32.94,30.61,65.79,31.43,33.34,29.64,42.28,30.65,34.04,24.96,42.06,31.59,33.86,23.45
220,Bhld25,Non-draught,Holländer,Museum für Haustierkunde Julius Kühn of the Martin Luther University of Halle-Wittenberg,,7.6,Female,229,69.82,29.03,75.57,43.37,63.71,32.75,31.89,33.64,31.67,19.05,18.75,29.58,38.31,34.54,27.92,36.1,34.07,31.03,34.96,28.13,35.15,0.644016227,0.671561605,260,65.62,34.75,60.13,37.91,65.25,31.47,28.95,31.9,30.22,18.95,16.88,29.07,36.95,33.12,27.18,37.08,34.03,30.78,34.11,26.95,35.34,,,,,,,,,,,,,,,,
134(5321),Bfrsb2,Non-draught,Holstein Friesian,Museum für Haustierkunde Julius Kühn of the Martin Luther University of Halle-Wittenberg,,7.6,Female,222,70.5,29.43,71.67,43.88,62.29,33.98,31.59,33.42,32.36,20.26,17.88,29.79,39.38,35.36,28.43,37.03,35.37,32.71,34.89,28.23,35.95,0.680093991,0.62891312,258,66.45,34.67,56.76,39.04,61.76,31.51,29.98,31.89,30.25,19.04,17.3,29.76,37.97,34.88,27.51,37.06,34.69,31.51,33.71,27.71,35.93,,,,,,,,,,,,,,,,
135(5321),Bfrsb3,Non-draught,Holstein Friesian,Museum für Haustierkunde Julius Kühn of the Martin Luther University of Halle-Wittenberg,,10.5,Female,,,,,,,,,,,,,,,,,,,,,,,,,256,63.25,34.11,58.59,38.53,58.51,30.35,28.52,30.21,29.51,18.77,17.24,29.34,39.47,34.72,28.3,39.74,36.76,30.17,35.53,27.83,37.23,61.31,36.51,36.47,30.05,,,,,,,,,,,,
285(5321),Bfrr4,Non-draught,Holstein Friesian,Museum für Haustierkunde Julius Kühn of the Martin Luther University of Halle-Wittenberg,,,Female,,,,,,,,,,,,,,,,,,,,,,,,,,,,,,,,,,,,,,,,,,,,,,,,,,,,,,,41.59,34.72,36.04,26.14,,,,
398(5199),Bwma 6,Non-draught,Wilstermarscher   ,Museum für Haustierkunde Julius Kühn of the Martin Luther University of Halle-Wittenberg,,6.8,Female,,,,,,,,,,,,,,,,,,,,,,,,,251,58.43,30.61,55.27,33.37,52.63,28.28,26.14,28.65,27.38,18.12,14.89,27.15,35.78,32.57,26.34,36.16,33.34,27.36,32.59,26.04,33.62,63.14,34.22,34.61,29.98,64.61,30.07,36.44,29.44,42.87,32.75,34.49,28.55,46.65,31.91,36.16,23.5
216(5246),Bhld21,Non-draught,Holländer,Museum für Haustierkunde Julius Kühn of the Martin Luther University of Halle-Wittenberg,,5.1,Male,214,71.59,27.37,81.27,45.93,62.73,34.88,32.44,33.63,31.9,21.86,19.63,29.04,38.76,35.29,28.24,37.93,35.39,31.92,36.11,28.52,36.17,0.752754821,0.695113314,241,66.05,34.1,64.02,40.36,59.46,31.19,30.69,31.01,31.19,19.3,18.64,29.39,38.48,35.26,28.1,37.87,35.65,29.8,35.49,29.4,36.65,,,,,,,,,,,,,,,,
214(5260),Bhld19,Non-draught,Holländer,Museum für Haustierkunde Julius Kühn of the Martin Luther University of Halle-Wittenberg,3.3,,Female,220,67.76,24.61,71.95,43.11,61.04,32.55,31.04,32.66,30.42,19.73,18.15,30.29,37.07,35.15,27.35,36.98,33.39,31.84,33.86,26.56,34.71,0.651370089,0.663619744,,,,,,,,,,,,,,,,,,,,,,,,,,,,,,,,,,,,,,
218(5261),Bhld23,Non-draught,Holländer,Museum für Haustierkunde Julius Kühn of the Martin Luther University of Halle-Wittenberg,,8.7,Female,,,,,,,,,,,,,,,,,,,,,,,,,,,,,,,,,,,,,,,,,,,,,,,68.22,36.15,34.57,30.32,,,,,50.06,34.75,37.01,27.61,,,,
242(5261),Bjvl1,Non-draught,Jeverländer,Museum für Haustierkunde Julius Kühn of the Martin Luther University of Halle-Wittenberg,5,,Female,224,67.68,25.94,68.04,41.51,55.96,32.37,32.01,31.93,31.72,19.97,20.07,29.4,38.29,34.24,27.79,37.67,34.96,32.12,34.19,28.13,34.49,0.679251701,0.722202231,,,,,,,,,,,,,,,,,,,,,,,,,,,,,,,,,,,,,,
1035,,Non-draught,Unknown,Museum für Haustierkunde Julius Kühn of the Martin Luther University of Halle-Wittenberg,,,Male,,,,,,,,,,,,,,,,,,,,,,,,,,,,,,,,,,,,,,,,,,,,,,,75.3,41.22,39.25,34.25,,,,,52.16,38.48,41.2,29.01,,,,
83(5273),Bbtj2,Non-draught,Butjadinger,Museum für Haustierkunde Julius Kühn of the Martin Luther University of Halle-Wittenberg,17,,Female,,,,,,,,,,,,,,,,,,,,,,,,,256,68.23,34.82,60.15,40.61,61.71,32.64,31.42,32.45,31.5,21.61,18.87,29.89,39.15,34.68,28.08,38.89,35.46,31.09,34.8,27.52,36.87,67.31,38.16,37.24,32.99,,,,,50.22,35.92,38.3,28.34,,,,
397(5280),Bwma5,Non-draught,Wilstermarscher,Museum für Haustierkunde Julius Kühn of the Martin Luther University of Halle-Wittenberg,,,Female,233,73.62,28.76,72.95,45.24,62.31,35.67,34.36,33.74,35.08,22.41,21.95,30.06,39.93,35.15,27.55,38.61,34.87,31.32,35.57,28.88,35.31,0.745508982,0.796733212,263,69.14,32.57,56.95,40.61,58.82,34.5,31.41,33.41,31.26,22.24,18.04,30.37,39.55,34.82,27.98,39.1,35.42,31.72,35.23,28.25,37.13,,,,,,,,,,,,,,,,
213(5288),Bhld18,Non-draught,Holländer,Museum für Haustierkunde Julius Kühn of the Martin Luther University of Halle-Wittenberg,,8.1,Female,211,66.89,26.21,68.12,39.85,52.29,32.78,30.56,32.42,30.94,19.87,18.31,28.16,36.45,32.61,25.42,34.9,32.02,28.3,32.11,26.12,32.67,0.705610795,0.720298977,248,62.91,33.29,57.87,37.73,57.91,30.16,29.34,29.64,28.13,18.78,17.54,27.58,36.37,32.63,25.5,35.68,32.93,28.65,32.31,25.64,33.98,,,,,,,,,,,,,,,,
74(5298),Bbrtb1,Non-draught,Breitenburger,Museum für Haustierkunde Julius Kühn of the Martin Luther University of Halle-Wittenberg,,9.6,Female,209,64.29,26.93,65.95,40.03,54.26,30.62,30.06,30.87,29.61,18.11,17.56,27.11,35.74,32.51,25.25,35.74,33.09,27.46,32.46,24.45,33.81,0.668019181,0.695445545,,61.54,31.46,,33.49,53.65,28.64,28.3,29.18,28.35,17.97,16.46,26.4,35.78,31.6,24.82,35.01,32.77,26.5,31.95,25.16,34.26,,,,,,,,,,,,,,,,
770(5341),Bsmr1,Non-draught,Holstein Friesian crossbreed,Museum für Haustierkunde Julius Kühn of the Martin Luther University of Halle-Wittenberg,18.8,,Female,211,61.47,24.67,70.18,36.33,52.99,30.27,28.08,29.27,28.05,18.62,17.75,28.7,36.65,32.75,26.84,36.83,34.76,29.54,32.78,25.85,33.13,0.648780488,0.661326379,244,60.06,31.85,53.35,30.95,55.04,28.43,27.68,28.35,27.68,18.68,17.57,28.89,37.17,33.38,27.39,37.75,35.59,29.05,33.04,27.97,35.31,62.14,33.31,34.02,31.02,64.51,31.79,35.07,32.39,42.95,32.89,39.31,27.62,44.52,32.92,38.88,24.41
182(5343),Bhdsl1,Non-draught,Haderslebener,Museum für Haustierkunde Julius Kühn of the Martin Luther University of Halle-Wittenberg,,,Female,,,,,,,,,,,,,,,,,,,,,,,,,246,57.74,29.19,50.6,33.33,49.21,28.01,26.25,27.83,25.78,17.96,14.88,25.31,33.46,29.87,23.54,32.59,30.25,26.43,29.56,23.31,30.95,,,,,,,,,,,,,,,,
78(5350),Bbrtb5,Non-draught,Breitenburger,Museum für Haustierkunde Julius Kühn of the Martin Luther University of Halle-Wittenberg,4,,Female,224,63.15,26.74,67.98,36.96,54.13,30.62,29.1,28.7,30.09,19.27,17.55,28.63,37.7,34.64,27.33,36.1,34.49,28.85,34.27,27.71,33.94,0.673070206,0.642151482,254,59.09,31.17,56.38,35.11,53.28,28.5,26.73,28.21,26.88,17.1,16.79,27.42,36.79,32.79,26.19,35.62,33.58,28.07,32.64,25.46,34.28,,,,,,,,,,,,,,,,
19(5352),Bagl7,Non-draught,Angeln,Museum für Haustierkunde Julius Kühn of the Martin Luther University of Halle-Wittenberg,10.5,,Female,214,59.07,24.46,60.81,34.68,50.7,28.44,27.09,27.96,26.22,16.73,16.17,25.6,33.67,29.71,24.23,32.85,29.5,26.33,29.42,24.04,29.46,0.653515625,0.667354519,241,54.62,28.61,50.24,31.23,49.51,27.27,25.2,27.07,25.02,16.61,14.75,24.38,33.83,28.67,23.37,33.27,29.73,24.75,28.57,23.11,29.88,,,,,64.97,29.44,32.38,25.52,,,,,43.34,28.88,33.94,22.29
14,Bagl2,Non-draught,Angeln,Museum für Haustierkunde Julius Kühn of the Martin Luther University of Halle-Wittenberg,,,Female,215,60.63,26.44,65.85,35.7,53.11,29.37,28.05,28.42,27.9,17.87,17.4,25.57,35.17,30.91,25.07,35.14,32.02,26.47,31.14,24.95,31.39,0.698865858,0.694056641,244,56.26,28.65,56.54,30.65,52.17,27.44,25.91,27.23,25.28,17.19,15.33,25.3,35.65,30.8,24.03,34.97,32.18,26.42,31.06,23.54,32.08,63.76,33.57,32.83,28.23,64.98,31.75,33.14,26.3,43.15,32.94,33.26,23.96,44.36,30.41,36.27,22.86
22(5353),Banstr1,Non-draught,Ansbach-Triesdorfer,Museum für Haustierkunde Julius Kühn of the Martin Luther University of Halle-Wittenberg,9.5,,Female,220,68.45,27.5,72.83,40.27,62.04,33.64,30.88,32.44,30.42,20.33,18.59,30.47,38.64,35.26,26.77,37.22,35.05,31.37,35.88,27.76,35.53,0.667213653,0.694434068,,66.87,35.36,,35.59,53.45,31.51,30.61,30.71,29.8,18.59,18.07,29.9,39.13,34.63,27.38,38.27,37.7,31.65,35.65,27.06,37.55,62.44,39.09,37.23,29.61,65.84,36.26,38.91,31.04,44.48,35.97,38.69,26.46,45.92,35.98,38.33,26.69
294(5351),Bpdstp2,Non-draught,Podolian,Museum für Haustierkunde Julius Kühn of the Martin Luther University of Halle-Wittenberg,13,,Male,212,66.55,26.42,76.02,45.23,60.81,32.07,30.8,30.95,30.71,19.41,18.87,28.22,36.17,31.81,26.83,35.27,32.92,28.89,32.84,26.82,33.31,0.687810064,0.703317182,,59.77,35.28,,36.84,58.01,28.75,27.76,27.85,28.06,17.79,16.25,26.81,35.01,31.61,25.78,35.01,32.33,27.95,32.01,25.48,33.56,62.7,37.54,35.88,29.64,63.7,33.89,36.1,28.84,45.11,33.69,41.35,28.81,47.66,33.81,39.43,23.63
293(5351),Bpdstp10,Non-draught,Podolian,Museum für Haustierkunde Julius Kühn of the Martin Luther University of Halle-Wittenberg,,7.6,Female,212,61.96,23.66,64.03,37.27,51.44,29.07,28.67,29.45,27.58,17.86,17.79,26.46,34.79,31.29,25.4,34.55,31.83,27.31,31.37,25.44,32.22,0.674981104,0.700393701,251,55.42,30.43,53.04,32.32,51.36,26.52,25.35,26.67,24.91,16.55,14.97,25.54,34.67,30.18,24.47,34.05,31.27,26.35,30.33,24.51,32.66,63.34,34.37,33.69,27.61,66.91,32.08,34.2,31.99,43.6,33.02,35.17,25.42,45.3,30.6,34.41,21.17
301(5187),Bprtg2,Non-draught,Prätigauer,Museum für Haustierkunde Julius Kühn of the Martin Luther University of Halle-Wittenberg,6.7,,Female,223,70.27,27.93,76.75,41.49,61.77,34.14,32.49,33.78,32.94,21.28,18.84,31.32,41.83,36.72,28.58,40.31,36.4,32.18,36.8,29.34,37.24,0.679438059,0.659202239,252,67.14,34.43,65.05,38.33,63.57,31.98,31.09,32.29,31.17,20.47,17.46,29.78,40.59,36.17,28.88,40.27,37.05,31.19,36.54,28.49,37.52,,,,,,,,,,,,,,,,
388(5189),Bwstw4,Non-draught,Westerwälder,Museum für Haustierkunde Julius Kühn of the Martin Luther University of Halle-Wittenberg,,10.3,Female,201,58.63,22.72,56.63,32.49,46.83,28.09,27.11,28.04,26.67,17.41,15.91,24.61,31.85,29.51,23.32,32.31,29.56,25.62,29.07,23.21,29.81,0.707436002,0.682246998,231,52.18,26.83,46.94,28.23,48.63,25.21,23.96,24.62,23.05,15.56,14.12,23.51,31.57,28.19,22.65,31.48,29.4,24.77,28.38,22.1,30.61,57.66,30.01,30.62,26.94,58.68,27.59,29.11,24.56,40.59,27.57,31.59,21.29,38.25,27.32,30.65,19.22
368(5192),Bwstw2,Non-draught,Westerwälder,Museum für Haustierkunde Julius Kühn of the Martin Luther University of Halle-Wittenberg,,10.8,Female,199,58.01,21.92,58.44,31.39,49.5,27.56,26.75,26.88,25.66,16.94,16.28,24.91,31.82,28.87,23.23,31.48,28.43,24.53,28.78,23.01,28.81,0.680048173,0.700817908,234,55.27,27.3,54.42,28.19,50.81,25.91,26.13,24.9,25.08,17.82,15.19,24.05,31.89,29.03,23.84,31.98,29.71,24.73,28.79,23.26,31.07,,31.44,,25.2,63.41,28.45,34.1,25.71,41.5,30.58,31.34,20.45,42.02,30.08,31.58,22.18
353(5250),Bsim5,Non-draught,Simmental,Museum für Haustierkunde Julius Kühn of the Martin Luther University of Halle-Wittenberg,5.6,,Female,,,,,,,,,,,,,,,,,,,,,,,,,,,,,,,,,,,,,,,,,,,,,,,67.6,36.09,35.69,29.32,69.86,35.31,38.81,28.58,42.9,35.03,39.41,24.54,45.58,32.33,35.19,24.69
126(5274),Bfrb2,Non-draught,Fribourgeoise,Museum für Haustierkunde Julius Kühn of the Martin Luther University of Halle-Wittenberg,,5,Female,214,67.03,26.4,72.88,37.94,61.68,32.5,31.16,32.68,30.98,19.85,18.43,26.99,36.89,32.44,25.44,36.55,33.37,28.84,33.56,29.51,34.44,0.735457577,0.724449686,,,,,,,,,,,,,,,,,,,,,,,64.92,35.96,34.78,30.5,69.73,35.25,36.21,31.09,45.3,33.29,36.65,26.76,45.27,34.01,38.91,23.52
188(5286),Bhrz6,Non-draught,Harzer,Museum für Haustierkunde Julius Kühn of the Martin Luther University of Halle-Wittenberg,,6,Female,, ,,,,,,,,,,,,,,,,,,,,,,,,,,,,,,,,,,,,,,,,,,,,,58.08,32.56,33.59,29.36,62.53,30.57,33.86,27.83,37.61,32.66,33.02,24.89,41.59,29.84,32.86,23.52
315(290),Bslrtv2,Non-draught,Silesian Red,Museum für Haustierkunde Julius Kühn of the Martin Luther University of Halle-Wittenberg,5.2,,Female,224,67.28,26.87,71.06,37.51,57.81,31.81,29.08,32.29,30.37,19.71,17.85,30.25,39.89,36.03,27.65,37.89,35.15,27.79,36.13,27.53,36.08,0.651570248,0.64556962,255,63.75,31.93,59.81,34.58,58.57,30.18,28.95,29.64,28.81,19.24,17.78,28.75,39.47,34.94,28.51,38.89,36.34,29.98,35.19,27.99,36.91,,,,,,,,,,,,,,,,
121(293),Begl1,Non-draught,Egerländer   ,Museum für Haustierkunde Julius Kühn of the Martin Luther University of Halle-Wittenberg,,,Female,221,62.85,27.56,65.16,39.64,57.44,29.71,27.98,30.86,29.37,18.48,16.73,28.04,36.05,32.89,26.33,34.42,32.06,28.86,31.48,25.61,31.87,0.659058488,0.635396886,249,60.15,32.24,53.18,36.02,56.07,28.01,26.85,27.89,27.13,17.59,16.71,27.64,35.88,32.47,24.77,34.81,32.96,27.45,32.21,25.22,33.36,,,,,,,,,,,,,,,,
322(303),Bswyz4,Non-draught,Schwyzer,Museum für Haustierkunde Julius Kühn of the Martin Luther University of Halle-Wittenberg,,12,Female,222,69.62,28.41,73.66,40.57,61.23,33.56,32.28,33.29,32.11,22.35,20.53,29.85,39.81,35.45,28.64,38.85,35.58,30.88,35.35,28.93,35.84,0.748743719,0.716829609,,66.74,34.14,,36.29,,31.43,30.96,31.17,30.87,20.33,18.48,29.62,39.44,34.65,28.74,39.48,36.76,30.74,34.77,28.43,38.19,,,,,,,,,,,,,,,,
380(319),Bvgtl1,Non-draught,Vogtlander,Museum für Haustierkunde Julius Kühn of the Martin Luther University of Halle-Wittenberg,,,Female,,,,,,,,,,,,,,,,,,,,,,,,,,,,,,,,,,,,,,,,,,,,,,,,,,,63.54,30.89,33.88,28.22,,,,,41.88,31.27,33.08,21.96
323(5326),Bswyz5,Non-draught,Schwyzer,Museum für Haustierkunde Julius Kühn of the Martin Luther University of Halle-Wittenberg,,,Female,209,67.56,26.59,73.52,38.31,59.63,33.09,31.14,32.83,31.42,20.95,18.25,28.56,39.53,33.35,26.99,38.42,34.29,29.69,33.97,27.26,34.69,0.733543417,0.676176362,,65.13,33.16,,35.98,56.68,30.92,29.95,30.82,29.72,19.71,17.82,29.43,40.22,34.93,26.81,39.22,35.42,29.82,34.59,26.94,36.49,63.24,37.43,36.98,29.71,66.95,36.04,35.63,30.75,43.79,36.68,38.51,24.85,45.85,35.23,38.19,25.11
265(344),Bmrbd2,Non-draught,Murbodener,Museum für Haustierkunde Julius Kühn of the Martin Luther University of Halle-Wittenberg,2.9,,Female,,,,,,,,,,,,,,,,,,,,,,,,,274,71.09,36.59,67.53,41.05,69.66,33.95,32.96,34.11,31.97,21.64,19.71,32.42,44.84,38.47,30.63,44.29,39.13,33.66,39.02,30.17,40.88,,,,,79.77,39.62,42.02,31.81,,,,,54.16,36.99,41.61,27.72
302(532),Bprtg3,Non-draught,Prättigauer,Museum für Haustierkunde Julius Kühn of the Martin Luther University of Halle-Wittenberg,,,Female,217,67.98,27.48,72.19,41.19,58.53,32.85,31.51,32.21,31.43,19.44,18.95,29.26,38.11,34.52,27.08,37.58,34.68,30.48,34.88,27.41,35.51,0.664388243,0.699778434,247,65.35,33.24,60.78,38.04,60.23,30.88,29.73,30.64,29.31,19.95,17.81,29.34,38.69,35.11,27.31,38.19,35.47,29.97,35.32,27.38,36.78,66.87,37.19,36.85,33.01,68.51,36.08,38.64,29.66,46.87,36.56,40.38,28.22,46.71,34.79,38.68,24.19
303(5352),Bprtg4,Non-draught,Prättigauer,Museum für Haustierkunde Julius Kühn of the Martin Luther University of Halle-Wittenberg,,,Female,230,76.62,29.49,80.86,42.95,63.27,36.77,35.17,36.32,35.85,21.75,20.32,33.62,43.57,39.11,30.66,43.45,39.77,34.71,39.54,31.73,39.96,0.646936347,0.662752772,256,70.86,37.82,68.14,38.69,68.72,33.61,32.31,33.59,32.71,20.59,18.72,33.23,43.92,39.29,31.81,42.18,40.41,34.34,39.86,31.61,42.05,72.21,40.92,39.49,30.23,75.94,38.72,42.45,30.77,51.57,38.19,45.19,30.95,52.82,38.16,43.71,27.43
351(5353),Bsim13,Non-draught,Simmental,Museum für Haustierkunde Julius Kühn of the Martin Luther University of Halle-Wittenberg,,7.25,Female,226,70.88,27.79,74.84,38.59,63.36,34.33,31.52,33.52,31.01,20.51,18.72,29.61,39.58,36.53,28.51,39.43,35.83,30.99,37.41,29.34,36.97,0.692671395,0.656611715,263,66.93,34.76,64.34,36.79,62.51,31.53,30.91,31.74,30.75,19.57,16.58,30.07,40.04,36.35,28.18,38.94,35.61,30.97,36.54,27.83,36.85,67.69,39.43,35.76,29.07,67.55,38.67,37.36,31.72,47.48,35.55,40.19,26.59,46.45,36.84,38.55,24.53
379(5353),Bvjb3,Non-draught,Vogelsberg,Museum für Haustierkunde Julius Kühn of the Martin Luther University of Halle-Wittenberg,6.5,,Female,206,62.79,25.12,65.52,35.35,54.82,30.05,28.96,30.26,28.73,17.93,17.59,27.73,36.67,32.95,25.61,35.49,32.76,28.93,33.73,27.07,33.98,0.646592138,0.686841078,235,58.52,30.18,53.78,32.17,55.82,27.82,27.42,27.35,27.08,17.11,15.05,26.98,36.17,32.13,24.72,35.03,32.57,27.28,32.93,25.34,33.91,,,,,,,,,,,,,,,,
381(5353),Bvjb2,Non-draught,Vogelsberg,Museum für Haustierkunde Julius Kühn of the Martin Luther University of Halle-Wittenberg,19.6,,Female,223,62.13,27.34,68.19,38.17,54.62,28.89,27.94,28.21,27.34,17.82,15.51,27.77,34.44,31.79,26.46,34.82,31.61,27.18,31.46,26.66,32.18,0.641699676,0.5861678,259,59.33,33.36,55.44,34.92,52.55,28.22,26.94,27.21,25.12,17.25,15.85,27.59,36.13,31.83,25.87,35.57,32.27,27.17,31.84,24.95,33.05,65.02,33.76,34.22,29.46,66.43,31.18,34.52,25.85,44.02,32.17,36.36,22.45,44.12,32.95,35.17,24.51
328(5339),Bshh4,Non-draught,Shorthorn,Museum für Haustierkunde Julius Kühn of the Martin Luther University of Halle-Wittenberg,,7.3,Female,218,64.43,25.82,68.91,41.95,57.67,30.35,30.37,29.97,30.22,17.81,19.16,26.82,35.72,31.85,26.24,35.35,32.28,28.72,32.01,26.94,32.76,0.664056674,0.730182927,,61.09,33.27,,33.62,59.78,29.98,27.23,29.32,27.25,20.46,15.99,28.69,35.96,32.16,25.94,34.23,30.55,29.91,32.34,25.95,32.58,,,,,,,,,,,,,,,,
329(5232),Bshh5,Non-draught,Shorthorn,Museum für Haustierkunde Julius Kühn of the Martin Luther University of Halle-Wittenberg,6,,Female,232,65.23,26.72,69.48,38.23,58.76,31.17,30.13,31.53,30.33,19.93,18.27,30.08,39.15,33.72,27.37,38.22,34.51,30.81,34.03,27.24,34.89,0.662566489,0.667519182,,,,,,,,,,,,,,,,,,,,,,,65.11,37.12,34.39,28.39,,,,,45.54,34.35,40.03,26.07,,,,
335(5292),Bshh12,Non-draught,Shorthorn,Museum für Haustierkunde Julius Kühn of the Martin Luther University of Halle-Wittenberg,7.2,,Female,235,63.06,25.44,71.75,39.88,58.52,30.13,28.47,28.74,28.12,18.21,16.63,27.11,37.21,32.75,25.83,36.08,33.22,28.51,32.26,27.38,33.13,0.671707857,0.64382501,261,59.39,31.05,62.09,38.48,58.87,27.96,26.92,27.62,27.26,18.18,15.34,26.32,36.21,32.33,25.19,35.89,33.17,27.26,32.67,25.71,33.93,64.81,35.07,34.88,29.97,67.44,32.94,37.54,26.34,46.23,35.11,37.61,25.07,49.46,33.19,34.99,23.15
132,Bdv1,Non-draught,Devon,Museum für Haustierkunde Julius Kühn of the Martin Luther University of Halle-Wittenberg,,6,Female,,,,,,,,,,,,,,,,,,,,,,,,,169,44.64,19.58,37.55,23.14,42.53,21.21,19.42,21.15,20.03,12.95,10.37,18.53,25.95,22.93,17.94,25.67,23.11,19.51,23.42,15.98,23.51,,,,,,,,,,,,,,,,
922,Bdv6,Non-draught,Devon,Museum für Haustierkunde Julius Kühn of the Martin Luther University of Halle-Wittenberg,,9.13,Female,,,,,,,,,,,,,,,,,,,,,,,,,222,52.27,26.07,47.34,30.49,49.42,24.72,23.14,24.95,23.67,15.03,13.53,22.86,31.64,27.75,22.14,31.81,28.39,23.83,28.08,22.27,29.23,,,,,58.91,28.59,30.34,22.99,,,,,40.14,28.44,29.99,18.86
886,Bbrt1,Non-draught,Breitenburger,Museum für Haustierkunde Julius Kühn of the Martin Luther University of Halle-Wittenberg,7.8,,Female,,,,,,,,,,,,,,,,,,,,,,,,,210,53.58,26.66,45.73,28.36,44.98,25.58,24.22,25.11,23.79,16.62,14.92,23.63,32.13,28.39,22.27,31.07,28.77,23.91,28.31,22.18,29.45,54.99,28.89,30.54,23.96,54.61,28.01,32.74,23.35,36.37,27.96,30.66,20.71,37.61,26.42,30.35,19.92
289,BKry1,Non-draught,Kerry,Museum für Haustierkunde Julius Kühn of the Martin Luther University of Halle-Wittenberg,,7.3,Female,157,53.32,20.57,53.07,29.71,47.17,25.78,24.87,24.78,23.81,15.45,16.06,22.27,29.22,25.35,19.91,27.31,25.56,22.97,25.41,20.46,25.47,0.693758419,0.806629834,,53.61,25.62,,26.29,46.62,25.59,25.31,24.52,23.49,17.39,15.12,22.63,30.74,25.78,21.53,29.72,26.38,23.44,24.76,21.87,27.35,49.01,28.85,30.33,24.95,53.49,27.66,32.98,22.95,35.37,27.79,31.07,20.21,35.91,25.62,31.31,19.31
295,BKry2,Non-draught,Kerry,Museum für Haustierkunde Julius Kühn of the Martin Luther University of Halle-Wittenberg,6.9,,Male,154,60.45,21.45,59.87,38.02,50.92,30.04,26.55,27.28,26.05,20.68,15.81,25.02,32.11,27.66,23.21,31.34,28.42,25.44,27.98,23.04,28.65,0.826538769,0.681171909,190,52.26,27.15,46.13,29.75,47.26,25.11,23.76,23.78,23.11,17.45,13.89,22.71,31.38,27.06,21.93,30.66,27.19,24.29,27.09,21.71,28.55,,,,,,,,,,,,,,,,
760,Bshh71(crossbreed),Non-draught,Shorthorn crossbreed,Museum für Haustierkunde Julius Kühn of the Martin Luther University of Halle-Wittenberg,4.5,,Female,227,65.87,27.88,74.63,40.03,61.29,31.46,30.12,30.78,30.17,18.99,17.49,29.62,38.17,34.61,27.61,37.43,34.07,30.32,34.48,28.34,34.94,0.641120864,0.633466135,252,63.04,32.53,61.25,38.09,62.68,30.09,28.97,31.11,29.55,18.88,17.58,29.26,39.71,34.59,27.58,38.17,35.04,30.25,36.01,29.05,37.14,,,,,,,,,,,,,,,,
763,,Non-draught,Unknown,Museum für Haustierkunde Julius Kühn of the Martin Luther University of Halle-Wittenberg,,,Female,,,,,,,,,,,,,,,,,,,,,,,,,237,61.51,33.02,56.42,36.51,56.37,29.06,27.64,28.99,27.01,18.72,16.48,28.47,38.36,33.72,26.29,37.35,33.18,29.48,33.88,25.96,33.65,,,,,,,,,,,,,,,,
766,,Non-draught,Unknown,Museum für Haustierkunde Julius Kühn of the Martin Luther University of Halle-Wittenberg,,,Female,220,56.86,23.51,59.51,33.88,48.59,27.99,25.02,28.09,25.51,17.89,15.38,24.95,32.46,29.72,23.41,31.17,29.26,25.15,29.42,22.58,29.27,0.717034068,0.656984195,,,,,,,,,,,,,,,,,,,,,,,,,,,,,,,,,,,,,,
629,Bhld14(crossbreed),Non-draught,Holländer crossbreed,Museum für Haustierkunde Julius Kühn of the Martin Luther University of Halle-Wittenberg,,3.3,Female,,,,,,,,,,,,,,,,,,,,,,,,,,,,,,,,,,,,,,,,,,,,,,,,,,,71.15,31.77,34.81,25.15,46.33,30.55,37.49,24.08,46.48,31.71,36.25,23.43
912,,Non-draught,Unknown,Museum für Haustierkunde Julius Kühn of the Martin Luther University of Halle-Wittenberg,,,Female,191,55.74,21.63,57.98,35.08,51.34,26.47,25.48,27.21,25.83,16.11,15.22,23.77,32.59,28.37,22.05,32.03,28.82,24.22,28.74,22.75,29.15,0.677745057,0.690249433,,,,,,,,,,,,,,,,,,,,,,,57.56,29.47,29.87,25.94,,,,,40.96,29.11,32.35,20.47,,,,
254,Bgrs1,Non-draught,Guernsey,Museum für Haustierkunde Julius Kühn of the Martin Luther University of Halle-Wittenberg,,7.3,Female,,,,,,,,,,,,,,,,,,,,,,,,,247,55.39,29.22,51.36,32.05,50.23,25.98,25.51,26.06,24.78,17.02,16.34,25.91,36.67,32.57,24.88,35.76,33.78,25.81,32.48,23.64,34.26,,,,,,,,,,,,,,,,
1338,Bizb39(crossbreed) ,Non-draught,Zebu crossbreed,Museum für Haustierkunde Julius Kühn of the Martin Luther University of Halle-Wittenberg,3.3,,Female,,,,,,,,,,,,,,,,,,,,,,,,,260,59.17,29.61,51.31,35.02,56.75,28.37,26.11,28.33,26.24,18.22,15.11,26.97,36.12,31.81,25.51,35.28,32.63,28.16,31.94,25.78,33.84,,,,,,,,,,,,,,,,
1211,Bsim5(crossbreed),Non-draught,Simmental  crossbreed,Museum für Haustierkunde Julius Kühn of the Martin Luther University of Halle-Wittenberg,2.6,,Female,,65.31,27.35,70.11,40.08,58.24,31.03,29.43,31.25,28.51,20.03,17.48,29.29,37.44,33.71,27.66,36.69,34.11,30.87,33.75,27.57,34.41,0.683851144,0.631959508,,,,,,,,,,,,,,,,,,,,,,,,,,,,,,,,,,,,,,
727,Bglw4,Non-draught,Galloway,Museum für Haustierkunde Julius Kühn of the Martin Luther University of Halle-Wittenberg,5.1,,Male,185,68.36,26.96,75.96,43.37,62.42,32.47,30.79,31.66,29.39,19.85,19.38,27.24,36.53,31.86,25.72,35.39,32.36,27.88,32.07,26.59,32.41,0.728707783,0.753499222,,,,,,,,,,,,,,,,,,,,,,,,,,,,,,,,,,,,,,
726,Bglw3,Non-draught,Galloway,Museum für Haustierkunde Julius Kühn of the Martin Luther University of Halle-Wittenberg,13.2,,Female,,,,,,,,,,,,,,,,,,,,,,,,,,,,,,,,,,,,,,,,,,,,,,,53.88,31.13,30.81,25.91,,,,,38.83,30.53,33.27,21.74,,,,
258,Barsh2,Non-draught,Ayrshire,Museum für Haustierkunde Julius Kühn of the Martin Luther University of Halle-Wittenberg,,,Female,,,,,,,,,,,,,,,,,,,,,,,,,244,56.23,32.51,50.46,34.89,54.83,27.23,26.23,26.53,26.36,16.16,15.06,25.69,34.77,30.41,25.15,34.63,31.71,26.65,30.68,24.61,32.65,,,,,63.95,30.59,32.25,25.96,,,,,43.77,29.72,34.57,21.61
5353,Bjrs10,Non-draught,Jersey,Museum für Haustierkunde Julius Kühn of the Martin Luther University of Halle-Wittenberg,5.5,,Male,208,62.87,24.38,64.83,39.14,56.57,29.74,28.01,29.69,27.53,18.15,16.55,28.05,35.37,32.39,26.09,34.63,31.93,28.52,32.85,26.61,32.74,0.647058824,0.63434266,241,58.18,29.59,49.55,32.84,54.46,27.33,26.47,26.77,26.53,17.16,15.53,27.57,35.13,31.52,26.42,34.79,32.31,27.43,31.87,25.79,33.29,63.25,34.61,32.09,30.61,65.82,31.48,33.84,26.86,45.22,33.01,34.95,24.07,45.89,31.97,34.04,22.29
5325,Blgh3,Non-draught,Longhorn,Museum für Haustierkunde Julius Kühn of the Martin Luther University of Halle-Wittenberg,8.1,8.1,Female,205,63.67,24.92,64.52,37.98,58.74,30.12,29.44,29.07,28.66,19.64,17.96,26.77,35.39,30.12,24.72,34.81,31.59,26.81,30.92,25.39,33.63,0.733657079,0.726537217,235,59.64,30.97,56.04,33.57,58.35,28.07,27.44,26.47,26.22,17.82,16.45,26.65,36.07,31.29,25.01,35.23,31.98,26.07,31.43,24.96,32.98,61.03,35.66,34.69,28.78,63.44,32.96,34.48,28.26,42.51,34.12,34.97,23.88,42.57,31.78,34.82,23.79
513,Bswdfj1,Non-draught,Fjäll,Museum für Haustierkunde Julius Kühn of the Martin Luther University of Halle-Wittenberg,,,Female,188,54.82,21.15,55.57,30.25,45.24,26.67,25.11,26.21,24.84,16.48,16.07,23.92,30.79,27.69,22.37,30.07,27.64,23.98,27.98,22.28,28.02,0.688963211,0.718372821,217,51.93,25.02,44.97,27.04,44.24,24.99,23.22,25.17,23.33,15.57,14.03,23.12,31.44,27.51,21.81,30.52,28.14,23.51,28.47,22.73,29.04,,,,,56.55,27.21,30.74,24.05,36.63,27.32,29.43,21.15,,,,
5342,,Non-draught,Unknown,Museum für Haustierkunde Julius Kühn of the Martin Luther University of Halle-Wittenberg,,,Female,,,,,,,,,,,,,,,,,,,,,,,,,,56.41,29.49,,33.76,55.18,27.23,25.29,26.86,25.17,17.79,15.01,26.65,35.85,31.47,24.64,34.48,32.19,27.09,31.99,23.59,33.55,62.62,33.67,35.24,28.64,,,,,45.82,32.74,38.14,24.79,,,,
539,B shh 57 (crossbreed),Non-draught,Shorthorn crossbreed,Museum für Haustierkunde Julius Kühn of the Martin Luther University of Halle-Wittenberg,,3,Male,221,71.21,31.64,78.76,45.23,63.62,34.58,32.73,32.64,31.87,22.89,20.89,29.93,40.73,36.44,27.66,38.69,35.42,32.15,35.43,27.22,35.72,0.764784497,0.755242227,246,65.7,32.67,58.94,40.89,56.52,30.57,29.97,31.12,30.39,19.68,18.68,28.49,39.25,33.52,25.96,38.28,35.05,30.27,33.82,26.87,36.97,68.64,37.45,40.15,30.81,69.55,35.94,39.74,31.59,50.07,37.12,42.44,30.54,51.29,34.97,39.37,25.82
5226,B dv 2,Non-draught,Devon,Museum für Haustierkunde Julius Kühn of the Martin Luther University of Halle-Wittenberg,,5.6,Female,184,55.13,20.23,58.11,32.59,46.27,26.38,25.25,25.87,25.28,17.58,16.41,24.51,31.78,28.18,23.55,31.37,28.72,25.09,28.62,24.01,29.05,0.717258262,0.696815287,207,50.17,25.14,46.41,29.09,46.68,23.69,22.74,23.36,21.87,15.45,14.62,23.94,31.37,28.02,22.37,31.33,29.13,24.16,28.31,23.26,29.82,58.25,27.39,33.65,21.77,56.27,27.15,30.16,23.48,39.14,28.33,30.93,20.87,38.89,26.46,29.47,18.79
744,B lgh 6,Non-draught,Longhorn,Museum für Haustierkunde Julius Kühn of the Martin Luther University of Halle-Wittenberg,4.4,,Male,205,70.77,27.45,72.11,43.69,61.38,34.13,32.19,33.08,31.58,21.23,19.3,29.08,37.71,34.07,27.22,36.49,34.47,29.78,34.96,27.94,35.17,0.730055021,0.709037472,233,63.63,32.59,57.54,38.47,58.19,30.63,29.08,29.77,28.67,19.79,17.95,28.57,37.24,33.06,27.26,36.35,34.22,29.52,33.64,27.04,35.28,,,,,,,,,,,,,,,,
253,B jrs 2,Non-draught,Jersey,Museum für Haustierkunde Julius Kühn of the Martin Luther University of Halle-Wittenberg,7.6,,Female,197,54.36,21.57,57.16,31.23,45.32,25.78,25.19,25.46,23.86,15.87,14.93,23.19,30.55,27.34,21.93,30.06,28.02,23.89,28.09,22.33,28.21,0.684346701,0.680802554,223,50.94,26.22,43.92,28.97,45.96,23.87,23.35,23.71,22.93,14.78,13.47,23.55,31.13,27.69,22.29,30.65,28.35,24.02,27.98,22.38,29.82,,,,,,,,,,,,,,,,
1128,Bopr1,Non-draught,Ostpreußisches Landrind,Museum für Haustierkunde Julius Kühn of the Martin Luther University of Halle-Wittenberg,,,Female,,,,,,,,,,,,,,,,,,,,,,,,,225,51.84,26.37,45.83,26.31,47.49,24.59,23.51,24.01,23.07,16.15,13.79,22.92,31.25,27.41,21.71,30.58,27.71,22.11,28.01,23.94,27.87,,,,,,,,,,,,,,,,
257,Blgh1,Non-draught,Longhorn,Museum für Haustierkunde Julius Kühn of the Martin Luther University of Halle-Wittenberg,,,Female,203,65.11,25.59,66.49,38.94,53.47,31.79,29.61,31.17,29.33,20.41,18.24,27.61,36.01,30.96,25.31,35.03,31.42,28.74,31.52,25.75,32.72,0.739224919,0.720663769,234,60.18,30.25,53.45,34.77,56.04,28.24,27.83,27.92,27.33,17.29,16.73,26.16,34.89,30.92,25.14,34.34,31.71,26.68,31.07,25.65,32.67,,,,,62.94,32.79,34.83,27.62,43.37,32.11,35.38,24.66,,,,
1422,B jrs 14,Non-draught,Jersey,Museum für Haustierkunde Julius Kühn of the Martin Luther University of Halle-Wittenberg,4.2,,Female,205,56.83,22.84,58.59,33.52,49.03,27.57,26.15,27.62,26.34,17.97,15.69,24.27,31.48,28.44,22.93,30.82,28.58,25.02,28.76,23.17,28.99,0.740420272,0.684256433,235,52.74,26.59,47.65,27.95,48.27,24.58,23.81,24.36,23.98,16.05,14.36,24.24,31.85,28.55,23.15,31.59,28.95,24.72,28.71,23.64,29.22,,,,,,,,,,,,,,,,
728,B jrs 7,Non-draught,Jersey,Museum für Haustierkunde Julius Kühn of the Martin Luther University of Halle-Wittenberg,10.3,,Female,185,54.27,21.38,56.46,31.51,47.38,26.47,24.98,25.82,24.78,16.18,13.97,23.05,30.72,27.93,21.23,29.85,27.77,23.74,28.09,22.24,27.94,0.701952278,0.658031088,216,50.15,25.37,48.12,28.37,46.96,23.29,22.83,23.57,22.73,15.11,13.57,22.81,30.91,26.62,20.94,29.81,27.84,23.08,27.03,20.95,27.99,,,,,,,,,,,,,,,,
1423,B jrs 11,Non-draught,Jersey,Museum für Haustierkunde Julius Kühn of the Martin Luther University of Halle-Wittenberg,7.1,,Female,200,56.41,22.74,58.42,31.97,47.68,26.81,25.75,26.27,25.58,16.27,14.98,24.57,32.37,28.59,22.68,31.75,29.36,24.84,29.48,22.16,29.35,0.662189662,0.660493827,228,53.52,27.55,48.24,27.84,50.85,25.02,24.37,24.98,24.31,15.76,13.78,24.86,32.56,28.57,22.18,31.48,28.95,24.55,28.91,21.91,29.86,59.46,30.09,30.38,25.43,62.05,30.04,31.96,24.84,40.59,29.23,33.46,21.81,42.02,29.59,33.16,20.45
633,Bugstp4,Non-draught,Hungarian Grey,Museum für Haustierkunde Julius Kühn of the Martin Luther University of Halle-Wittenberg,,,Castrated Male,224,63.92,26.08,66.53,39.94,56.36,29.88,29.59,30.48,28.88,17.82,19.77,26.75,34.43,30.12,24.28,33.08,30.25,26.58,35.27,30.59,30.46,0.666168224,0.814250412,256,58.36,30.51,51.21,34.64,55.23,27.27,26.46,26.65,25.96,15.82,15.36,25.75,34.27,29.92,23.75,33.13,31.01,25.71,29.96,23.08,32.15,60.58,34.13,33.92,28.55,65.22,31.52,34.32,28.85,40.56,31.54,35.87,22.09,43.97,31.83,34.99,22.66
603,Bjrs6,Non-draught,Jersey,Museum für Haustierkunde Julius Kühn of the Martin Luther University of Halle-Wittenberg,,5.4,Female,201,54.58,21.31,55.36,31.79,50.49,26.25,24.19,26.25,24.59,16.55,14.97,23.51,31.11,26.81,21.23,29.91,26.74,24.44,27.2,21.03,27.09,0.703955764,0.705134244,232,50.53,26.02,44.42,26.75,46.04,23.96,22.18,23.76,22.57,14.52,13.19,22.36,30.33,26.31,21.21,29.72,26.71,22.91,26.21,21.31,27.16,,,,,60.02,27.14,30.24,24.45,39.34,27.24,31.95,21.19,40.83,26.74,31.36,19.94
1520,Bjrs13,Non-draught,Jersey,Museum für Haustierkunde Julius Kühn of the Martin Luther University of Halle-Wittenberg,3,,Female,200,56.19,22.01,55.27,31.16,49.98,26.55,26.11,26.84,25.47,16.73,16.31,25.34,32.26,29.52,23.57,32.03,28.96,25.76,29.24,23.31,29.25,0.660220994,0.691981332,225,51.93,25.98,47.31,26.49,47.78,23.81,23.7,24.05,23.58,15.26,13.55,25.12,31.98,28.23,22.88,31.75,29.05,24.97,28.56,23.37,29.52,58.93,29.44,29.64,24.81,60.44,27.75,30.19,23.72,38.79,27.25,30.27,22.83,40.02,26.55,30.48,20.79
1424,Bjrs12,Non-draught,Jersey,Museum für Haustierkunde Julius Kühn of the Martin Luther University of Halle-Wittenberg,8.2,,Female,190,54.08,20.07,55.81,30.54,45.48,25.69,24.44,24.85,23.72,16.67,14.75,24.24,31.42,28.18,22.38,30.46,28.14,24.17,28.32,22.92,28.29,0.687706271,0.659070599,216,50.95,25.23,47.03,27.71,46.69,23.84,23.24,23.53,23.31,15.24,13.24,24.12,29.85,26.88,22.57,30.71,28.34,23.95,27.62,23.22,28.64,,,,,59.71,26.94,29.93,23.15,,,,,39.54,26.29,29.79,19.89
1200,Bbrtb5,Non-draught,Unknown,Museum für Haustierkunde Julius Kühn of the Martin Luther University of Halle-Wittenberg,,6.9,Female,,,,,,,,,,,,,,,,,,,,,,,,,,,,,,,,,,,,,,,,,,,,,,,65.26,36.37,36.65,27.57,67.52,32.37,35.25,24.62,46.57,32.69,38.65,24.67,46.73,33.17,26.11,22.85
1573,Bjrs7(crossbreed),Non-draught,Jersey crossbreed,Museum für Haustierkunde Julius Kühn of the Martin Luther University of Halle-Wittenberg,,,Male,220,69.06,27.46,71.85,45.95,61.88,31.72,30.02,31.57,30.87,19.07,17.88,30.89,38.53,34.29,28.79,37.56,34.39,30.22,34.35,29.91,34.82,0.617351894,0.621048975,,,,,,,,,,,,,,,,,,,,,,,,,,,,,,,,,,,,,,
251,Bshh4,Non-draught,Shorthorn,Museum für Haustierkunde Julius Kühn of the Martin Luther University of Halle-Wittenberg,,7.25,Female,217,63.98,25.55,71.26,42.35,59.11,30.15,30.42,29.91,30.24,18.64,19.21,27.41,35.76,31.65,26.77,35.49,32.16,28.21,32.19,27.49,32.72,0.68004378,0.717594322,,60.25,34.08,,34.38,58.33,29.03,27.13,28.97,27.29,19.25,17.06,27.59,36.79,32.49,25.95,35.13,31.75,28.46,33.04,25.36,32.97,,,,,,,,,,,,,,,,
594,Bbtg6,Non-draught,Banteng (Bos javanicus),Museum für Haustierkunde Julius Kühn of the Martin Luther University of Halle-Wittenberg,,,Female,189,43.52,19.14,47.32,28.51,40.52,20.44,20.58,20.41,19.53,13.28,12.98,20.44,27.46,25.01,19.28,27.12,24.97,21.51,24.29,18.98,25.67,0.649706458,0.673236515,216,40.71,23.71,,26.46,40.54,19.31,18.59,,,12.64,11.31,,,,,,,,,,,51.98,24.09,27.14,19.86,55.11,23.43,26.59,20.16,39.15,23.25,30.29,17.98,40.68,23.14,30.49,15.67
255,Bhrfd1,Non-draught,Hereford,Museum für Haustierkunde Julius Kühn of the Martin Luther University of Halle-Wittenberg,9.5,,Female,228,71.33,31.59,75.74,45.41,63.86,34.88,32.46,34.22,32.89,22.16,20.17,30.56,40.42,36.12,28.52,40.31,35.72,32.46,36.39,30.45,36.07,0.72513089,0.707223001,256,69.07,39.34,65.14,42.86,63.87,32.32,32.31,33.02,31.55,20.18,19.54,29.34,40.92,36.02,28.76,40.19,36.42,31.07,35.59,27.79,37.78,68.75,39.08,38.56,34.37,70.97,36.65,39.25,30.66,49.89,36.72,38.94,28.27,50.67,36.11,39.38,25.31
256,Bdv4,Non-draught,Devon,Museum für Haustierkunde Julius Kühn of the Martin Luther University of Halle-Wittenberg,,9.6,Female,199,63.89,24.01,63.44,38.26,55.54,29.82,30.52,30.06,28.83,17.01,19.81,27.19,35.69,31.46,25.03,34.88,32.15,27.91,31.87,25.27,33.49,0.625597646,0.79145026,231,60.68,30.15,50.78,34.31,53.94,28.35,28.28,28.51,27.17,17.71,17.87,26.34,35.76,31.28,25.97,35.08,32.32,28.01,31.63,26.19,33.93,62.51,32.65,34.91,25.87,61.75,31.46,34.76,27.76,39.01,30.51,33.13,26.49,41.62,31.56,32.58,23.83
40(zoo animal),,Non-draught,Watussi,Museum für Haustierkunde Julius Kühn of the Martin Luther University of Halle-Wittenberg,,,Female,209,59.97,23.24,62.25,36.51,51.39,28.89,27.15,27.91,27.86,18.75,18.21,25.87,33.05,29.68,22.61,32.71,29.03,26.47,29.21,22.61,29.69,0.724777735,0.805395843,241,54.97,27.42,50.99,34.31,49.28,25.88,24.42,25.72,25.04,17.08,15.15,25.17,32.45,27.94,23.63,31.89,28.63,25.24,28.29,24.12,29.36,60.33,31.85,34.98,27.02,61.51,29.54,33.41,23.89,42.07,31.17,36.62,21.97,41.45,29.69,36.48,21.96
31,Bfrr1,Non-draught,Holstein Friesian,Museum für Haustierkunde Julius Kühn of the Martin Luther University of Halle-Wittenberg,,,Female,217,65.89,26.69,67.91,39.15,59.12,31.77,30.29,32.31,31.03,19.01,18.11,28.82,37.03,32.84,27.01,36.17,33.03,29.89,33.33,26.89,33.68,0.659611381,0.67049241,246,61.23,29.87,54.56,32.65,53.72,29.38,28.36,29.57,27.54,18.88,16.23,28.17,37.42,33.59,27.17,36.29,33.63,29.65,34.01,27.51,35.03,65.78,34.29,34.35,27.15,,,,,48.11,32.09,37.22,24.31,47.58,31.87,34.59,24.07
5330(725),Blgh5,Non-draught,Longhorn,Museum für Haustierkunde Julius Kühn of the Martin Luther University of Halle-Wittenberg,,,Female,203,65.21,23.93,68.41,38.39,57.47,31.45,30.43,29.83,28.14,19.24,18.46,28.48,37.54,33.19,26.46,36.45,33.66,29.31,33.63,25.11,34.21,0.675561798,0.697656841,237,62.81,33.84,61.12,35.4,55.89,30.19,28.77,29.12,28.31,19.34,18.26,28.24,37.44,33.11,27.06,36.21,34.71,29.15,33.46,27.85,35.55,,,,,,,,,,,,,,,,
5328(W1),Bw1,Non-draught,European bison (Bison bonasus),Museum für Haustierkunde Julius Kühn of the Martin Luther University of Halle-Wittenberg,,,Female,202,62.17,23.39,59.76,36.48,57.88,28.68,27.15,29.77,27.79,17.65,13.75,25.63,35.37,31.43,23.96,34.37,31.29,25.94,31.83,24.19,31.27,0.688646118,0.573873122,253,58.19,28.97,47.57,34.86,53.12,26.43,25.89,27.17,25.78,17.04,14.79,25.76,35.21,31.12,23.85,34.22,31.34,24.58,31.23,24.29,32.18,62.43,33.32,30.77,26.48,64.67,30.92,33.11,26.19,43.28,30.95,36.33,21.65,44.58,27.93,34.24,20.66
5320(247),Bfrsb1,Non-draught,Holstein Friesian,Museum für Haustierkunde Julius Kühn of the Martin Luther University of Halle-Wittenberg,,5.8,Female,,,,,,,,,,,,,,,,,,,,,,,,,,62.73,34.13,,35.57,63.69,29.08,28.68,29.73,29.33,18.21,16.15,30.07,38.45,34.13,27.93,37.66,34.81,29.75,34.51,27.15,36.04,,,,,,,,,,,,,,,,
65,Bawst10,Non-draught,American bison (Bison bison),Museum für Haustierkunde Julius Kühn of the Martin Luther University of Halle-Wittenberg,,,Male,200,71.73,25.93,71.84,43.32,63.17,34.15,31.24,34.07,32.04,21.42,19.02,28.28,39.35,34.28,26.38,37.99,34.65,28.05,34.57,27.26,34.78,0.757425743,0.721000758,250,64.61,30.03,53.52,36.51,58.69,30.39,27.94,30.14,28.35,19.77,16.75,27.03,38.68,32.85,25.25,36.67,33.78,26.66,33.18,25.28,34.34,63.99,37.22,36.99,33.29,66.44,32.86,36.73,30.29,43.27,37.55,40.61,28.92,45.88,33.54,36.62,23.76
612,Bawst12,Non-draught,American bison (Bison bison),Museum für Haustierkunde Julius Kühn of the Martin Luther University of Halle-Wittenberg,,,Female,204,63.34,24.48,65.57,37.49,58.25,29.49,27.79,30.96,28.75,17.82,16.04,27.66,37.17,32.53,25.27,35.79,32.77,27.66,32.88,26.22,32.81,0.644251627,0.634744757,251,59.71,28.39,50.87,32.23,57.26,28.19,25.55,28.13,26.83,17.05,15.57,26.83,37.46,31.72,24.64,35.15,32.03,27.35,32.13,25.12,32.69,61.22,35.73,34.63,29.61,65.78,32.59,36.98,29.46,44.45,34.73,37.16,25.13,44.26,30.88,34.15,21.18
891,Bnrm2,Non-draught,Normande,Museum für Haustierkunde Julius Kühn of the Martin Luther University of Halle-Wittenberg,3.9,,Male,232,74.59,29.38,81.72,43.27,66.16,36.17,33.63,35.56,34.48,22.61,20.57,31.34,42.65,37.73,30.17,42.36,38.48,32.55,38.19,29.02,38.49,0.721442246,0.681803116,256,69.14,33.11,66.42,39.01,62.27,32.11,32.74,31.75,32.36,20.88,18.94,31.12,42.98,37.09,30.07,42.11,38.91,32.06,37.06,27.84,40.13,70.53,40.19,40.95,32.67,73.49,38.48,42.73,33.26,50.72,40.56,42.22,32.54,50.12,37.58,38.81,30.11
476,Bshh47(crossbreed),Non-draught,Shorthorn crossbreed,Museum für Haustierkunde Julius Kühn of the Martin Luther University of Halle-Wittenberg,7,,Female,217,58.78,24.42,61.83,36.91,56.92,28.11,27.17,28.45,27.48,18.74,16.72,26.61,36.39,32.45,24.97,35.68,32.23,27.81,33.25,24.17,33.17,0.704246524,0.669603524,,56.83,28.62,,33.01,56.23,26.84,26.35,26.87,26.04,16.88,14.48,25.96,35.91,31.01,25.53,36.28,32.98,26.77,31.07,24.18,34.22,63.62,31.72,32.94,26.31,65.81,30.21,34.41,25.83,44.82,31.19,38.25,23.34,45.43,30.52,33.54,20.21
1148(644),Bpdstp4(crossbreed),Non-draught,Podolian crossbreed,Museum für Haustierkunde Julius Kühn of the Martin Luther University of Halle-Wittenberg,2.6,,Male,205,62.95,26.35,65.24,38.12,55.31,30.47,28.08,30.58,28.19,18.92,17.32,27.94,37.89,32.47,25.77,36.27,33.32,28.94,33.56,25.94,33.55,0.677165354,0.67209934,234,59.17,29.01,54.91,33.91,53.65,27.85,27.06,28.11,26.79,17.81,15.24,26.12,37.38,32.29,25.42,36.75,32.66,27.54,33.16,25.46,34.37,62.88,32.07,35.49,25.79,66.48,30.81,36.11,27.28,42.24,32.41,34.35,24.27,46.14,30.61,34.98,23.55
354(582),Bshh26(crossbreed),Non-draught,Shorthorn crossbreed,Museum für Haustierkunde Julius Kühn of the Martin Luther University of Halle-Wittenberg,6.3,,Male,201,67.22,28.54,74.21,41.69,61.15,33.63,29.45,31.48,28.29,21.47,18.62,29.75,39.94,34.33,26.61,38.31,34.69,31.07,35.22,27.41,35.34,0.721680672,0.699736941,226,61.72,32.13,58.58,36.17,57.69,29.03,28.24,29.63,28.92,17.93,17.27,27.69,37.88,33.54,26.06,36.47,33.91,28.59,34.17,26.99,35.49,63.74,37.71,37.84,31.71,66.32,35.36,37.75,27.65,48.03,37.06,39.04,29.41,49.35,33.86,41.78,25.81
1157(645),Bpdstp5(crossbreed),Non-draught,Podolian crossbreed,Museum für Haustierkunde Julius Kühn of the Martin Luther University of Halle-Wittenberg,8.4,,Female,,,,,,,,,,,,,,,,,,,,,,,,,238,58.99,29.54,55.23,35.1,53.61,27.57,27.27,28.64,27.47,17.33,15.98,27.34,37.75,33.19,25.94,36.22,33.39,28.94,33.38,25.76,34.64,63.78,35.13,34.56,29.34,64.49,33.61,35.38,27.14,47.74,32.92,37.66,24.17,45.93,32.19,36.42,24.07
195(481),Bdv3(crossbreed),Non-draught,Devon crossbreed,Museum für Haustierkunde Julius Kühn of the Martin Luther University of Halle-Wittenberg,4.8,,Male,191,66.34,25.62,68.36,40.25,59.32,32.35,29.53,30.96,29.35,18.84,17.63,29.35,37.34,33.53,25.81,35.12,32.49,29.46,35.03,26.68,33.97,0.641908007,0.683068578,221,60.75,29.08,49.95,33.88,50.98,27.93,28.49,28.36,28.17,16.43,15.39,26.78,36.49,31.84,25.52,35.06,33.12,28.31,32.43,25.91,34.42,59.63,34.44,35.18,30.35,61.11,31.22,34.07,28.32,43.68,32.55,36.32,25.93,,,,
194,Bdv2(crossbreed),Non-draught,Devon crossbreed,Museum für Haustierkunde Julius Kühn of the Martin Luther University of Halle-Wittenberg,7.2,,Female,208,56.38,24.27,58.59,33.54,51.37,26.27,25.55,25.98,24.67,16.32,15.81,25.61,33.29,29.39,24.11,33.37,29.78,26.67,30.39,24.23,30.24,0.637251074,0.655744504,221,59.97,28.79,51.07,35.34,53.46,28.34,28.03,27.84,28.26,15.86,16.41,27.61,35.58,31.54,25.52,35.52,32.95,28.31,32.46,25.91,34.77,63.38,29.85,31.07,22.29,62.45,28.72,31.72,22.89,42.05,30.61,33.86,20.91,42.16,28.39,31.21,20.12
700(622),Bshh67(crossbreed),Non-draught,Shorthorn crossbreed,Museum für Haustierkunde Julius Kühn of the Martin Luther University of Halle-Wittenberg,8,,Female,200,63.86,23.97,69.15,39.87,57.92,30.54,29.75,30.65,29.62,18.33,17.59,28.37,37.38,31.87,26.09,36.94,32.61,28.77,32.13,27.02,33.92,0.646105041,0.674204676,,59.95,32.02,60.55,34.13,54.31,28.35,27.66,28.54,27.16,17.99,16.71,27.44,37.72,32.68,26.64,36.42,32.97,29.61,33.13,26.25,34.52,,,,,,,,,,,,,,,,
415(557),Bkry4(crossbreed),Non-draught,Kerry crossbreed,Museum für Haustierkunde Julius Kühn of the Martin Luther University of Halle-Wittenberg,12.2,,Male,189,61.59,22.46,61.59,36.72,51.97,29.85,28.01,28.74,27.01,18.43,16.07,26.15,34.97,30.47,24.57,34.64,30.28,26.69,30.29,23.68,30.38,0.704780115,0.654049654,212,55.68,25.88,46.19,30.52,48.63,27.15,23.37,25.83,23.66,18.22,14.84,24.72,33.81,28.68,22.33,32.59,29.19,25.99,29.27,22.06,29.82,57.78,32.02,33.52,28.55,59.34,28.09,32.25,25.36,39.24,31.22,33.72,26.62,39.91,29.79,32.18,21.28
298(573),Bshh16(crossbreed),Non-draught,Shorthorn crossbreed,Museum für Haustierkunde Julius Kühn of the Martin Luther University of Halle-Wittenberg,6.8,,Male,236,79.56,31.01,90.34,49.82,70.18,38.81,36.56,35.94,35.52,24.47,22.95,35.48,46.16,40.62,32.59,44.88,41.14,36.85,41.09,32.85,42.07,0.689684329,0.704203743,,74.23,33.66,76.63,44.26,71.93,35.45,34.21,34.67,33.69,22.71,21.28,33.39,46.94,42.45,31.92,45.37,40.95,34.47,41.12,30.55,42.33,,,,,,,,,,,,,,,,
657(546),Bhld16(crossbreed),Non-draught,Holländer crossbreed,Museum für Haustierkunde Julius Kühn of the Martin Luther University of Halle-Wittenberg,9.5,,Castrated Male,216,70.02,31.46,78.51,47.22,66.91,33.16,30.59,31.36,28.78,20.85,18.73,31.79,40.52,36.45,28.77,38.33,36.49,32.57,36.68,28.68,36.34,0.655866625,0.651025374,243,63.32,37.18,63.96,40.38,60.77,29.37,28.11,28.81,28.24,18.43,17.39,29.55,39.47,36.15,27.93,38.87,36.38,29.64,36.25,27.44,36.96,69.09,40.67,40.02,32.03,68.56,36.93,40.73,28.94,54.09,38.11,39.46,29.79,51.87,37.48,32.96,28.41
564(158),Bshh6(crossbreed),Non-draught,Shorthorn crossbreed,Museum für Haustierkunde Julius Kühn of the Martin Luther University of Halle-Wittenberg,11.5,,Female,211,67.29,28.24,70.81,42.44,61.27,33.06,30.19,31.81,29.28,21.65,18.53,29.05,39.36,33.89,27.39,37.89,34.29,30.31,33.56,27.13,34.27,0.745266781,0.676524279,244,62.08,31.33,56.64,39.14,58.78,29.92,27.88,29.03,27.41,18.79,17.14,27.98,39.22,33.63,26.16,38.12,34.52,29.38,33.68,24.82,35.42,,,,,71.19,33.83,36.82,28.67,,,,,45.61,35.25,34.99,27.85
568(207),Bshh10(crossbreed),Non-draught,Shorthorn crossbreed,Museum für Haustierkunde Julius Kühn of the Martin Luther University of Halle-Wittenberg,5,,Male,208,75.97,30.33,83.61,47.77,68.23,37.07,33.41,36.21,32.82,23.37,19.21,31.44,41.66,37.57,28.41,40.23,37.05,33.08,38.96,30.01,38.19,0.743320611,0.676170363,241,67.28,33.96,64.07,41.46,64.44,32.39,29.75,31.79,30.11,19.18,18.05,29.61,40.96,35.78,27.37,39.37,36.57,31.43,36.45,28.38,38.41,,,,,,,,,,,,,,,,
586(417),Bshh32(crossbreed),Non-draught,Shorthorn crossbreed,Museum für Haustierkunde Julius Kühn of the Martin Luther University of Halle-Wittenberg,1.9,,Male,223,69.18,25.46,72.39,40.91,64.97,33.38,31.59,32.68,31.86,20.62,17.88,29.93,40.11,35.44,27.71,39.41,35.42,31.75,34.89,28.72,35.52,0.688940862,0.645254421,248,66.46,29.72,56.48,38.25,61.94,30.99,30.44,30.72,30.06,19.31,18.05,29.73,39.51,33.86,28.07,39.44,35.32,31.77,34.22,28.29,36.55,65.17,35.26,38.37,29.81,,,,,46.37,33.99,38.69,27.63,,,,
581(344),Bshh24(crossbreed),Non-draught,Shorthorn crossbreed,Museum für Haustierkunde Julius Kühn of the Martin Luther University of Halle-Wittenberg,12.3,,Female,211,62.22,25.08,65.81,36.61,56.02,29.13,28.26,28.18,28.15,17.01,16.14,27.23,37.14,32.12,25.54,36.55,31.89,29.18,32.25,26.55,33.56,0.624678663,0.631949883,245,59.12,30.67,52.38,34.18,54.14,27.59,26.53,26.74,26.82,17.99,16.36,26.44,36.24,30.96,25.59,36.12,32.09,27.67,31.47,25.91,32.88,67.52,31.35,34.74,24.94,,,,,45.54,31.28,37.03,24.07,,,,
569(209),Bshh11(crossbreed),Non-draught,Shorthorn crossbreed,Museum für Haustierkunde Julius Kühn of the Martin Luther University of Halle-Wittenberg,11.1,,Male,221,73.15,31.32,79.11,47.53,65.96,34.23,32.74,34.05,32.64,22.34,19.37,32.51,42.53,37.38,31.12,41.34,37.15,35.41,37.94,31.72,37.98,0.687173177,0.622429306,,65.18,34.74,,40.38,62.38,30.12,29.76,30.44,29.89,20.54,18.59,31.04,40.84,36.27,29.28,40.41,37.54,32.72,36.32,30.37,37.89,70.92,39.61,42.15,31.94,69.28,36.61,39.21,29.16,52.09,39.12,41.71,33.66,48.12,37.08,39.31,25.86
617(564),Bshh60(crossbreed),Non-draught,Shorthorn crossbreed,Museum für Haustierkunde Julius Kühn of the Martin Luther University of Halle-Wittenberg,9.8,,Female,,,,,,,,,,,,,,,,,,,,,,,,,250,61.39,31.89,57.93,37.87,56.19,28.69,29.04,28.14,28.24,18.49,17.73,30.92,40.34,35.05,29.51,39.35,35.52,32.21,35.36,29.79,36.18,,,,,,,,,,,,,,,,
556(395),Bkry3(crossbreed),Non-draught,Kerry crossbreed,Museum für Haustierkunde Julius Kühn of the Martin Luther University of Halle-Wittenberg,8,,Female,198,59.33,24.29,60.25,34.66,50.75,28.79,27.54,27.96,26.31,17.85,16.83,25.17,34.54,30.48,23.06,32.97,30.17,26.15,30.63,23.96,30.48,0.709177592,0.729835212,227,54.03,27.55,51.09,33.76,49.13,26.08,25.33,24.67,24.74,16.74,14.31,24.26,34.17,29.51,22.91,32.79,29.52,25.37,29.38,22.46,30.79,61.87,32.69,34.64,27.59,66.06,31.51,34.31,27.39,45.32,31.67,33.82,25.62,43.52,30.25,33.21,21.93
532(316),Bgrs1(crossbreed),Non-draught,Guernsey crossbreed,Museum für Haustierkunde Julius Kühn of the Martin Luther University of Halle-Wittenberg,4,,Female,181,51.11,21.34,54.66,31.07,47.39,24.26,22.85,24.12,22.52,15.88,14.84,23.36,30.86,27.43,21.67,29.51,27.66,24.36,27.83,21.03,27.75,0.679794521,0.68481772,220,48.09,25.44,43.78,28.87,45.88,22.52,20.71,22.21,21.43,13.29,12.43,23.55,31.28,27.36,21.59,29.72,27.72,23.46,26.67,21.39,28.09,54.01,27.82,29.28,22.51,58.02,26.25,30.24,23.81,37.84,26.53,30.88,20.26,39.52,25.94,28.14,19.33
555(390),Bkry2(crossbreed),Non-draught,Kerry crossbreed,Museum für Haustierkunde Julius Kühn of the Martin Luther University of Halle-Wittenberg,18.3,,Female,182,54.89,20.89,56.36,33.55,49.35,26.65,24.76,26.28,23.66,16.55,14.34,22.94,29.02,25.93,19.88,27.58,26.08,23.63,25.98,20.95,25.68,0.721447254,0.721327968,210,50.87,24.07,43.17,29.19,46.77,23.98,22.85,22.89,21.38,14.61,13.76,21.11,29.01,25.07,19.55,27.41,25.11,22.65,25.37,19.57,25.79,55.15,26.28,30.09,23.31,57.77,27.33,31.45,25.33,39.66,29.01,32.23,20.44,38.63,27.65,30.01,19.35
579(338),Bshh22(crossbreed),Non-draught,Shorthorn crossbreed,Museum für Haustierkunde Julius Kühn of the Martin Luther University of Halle-Wittenberg,3.6,,Male,212,70.19,26.73,76.52,42.34,62.67,34.68,30.33,33.58,31.04,22.27,18.61,32.33,39.64,35.16,28.27,37.35,34.77,32.89,36.49,29.11,35.67,0.6888339,0.658295012,244,60.11,31.02,57.44,35.09,54.62,28.24,26.67,28.53,27.22,17.66,16.42,28.63,37.29,33.27,27.51,36.25,33.71,29.37,33.66,28.01,35.12,66.96,37.72,40.91,31.71,70.05,34.04,38.49,28.79,49.53,36.54,38.58,30.66,45.99,33.13,35.65,24.79
110,,Non-draught,Yak (Bos grunniens),Museum für Haustierkunde Julius Kühn of the Martin Luther University of Halle-Wittenberg,,,Male,199,71.76,26.66,84.44,50.55,61.57,36.36,32.55,34.45,31.43,24.02,20.76,27.66,36.05,30.79,26.43,36.68,33.67,28.51,33.07,28.49,33.47,0.868402025,0.785471056,229,64.22,31.17,59.69,37.33,56.26,30.44,29.91,29.47,28.65,19.78,16.88,28.31,37.68,32.36,27.58,37.56,34.72,28.41,33.53,27.71,36.51,,,,,,,,,,,,,,,,
590(424),B shh 36 crossbreed ,Non-draught,Shorthorn crossbreed,Museum für Haustierkunde Julius Kühn of the Martin Luther University of Halle-Wittenberg,10,,Male,219,68.82,31.17,78.22,48.64,63.28,33.55,32.17,33.12,31.93,22.17,18.43,32.69,41.63,36.14,29.28,39.71,36.54,33.92,36.51,29.28,36.95,0.678189049,0.629439891,248,63.53,35.58,61.84,42.71,60.39,29.81,29.86,29.39,28.43,19.19,18.69,31.31,40.35,35.74,28.55,39.53,36.12,31.59,35.61,29.45,37.49,,,,,68.46,36.94,38.24,29.71,49.48,38.63,42.74,30.57,46.54,36.43,39.42,28.29
576(320),B shh 19 crossbreed,Non-draught,Shorthorn crossbreed,Museum für Haustierkunde Julius Kühn of the Martin Luther University of Halle-Wittenberg,4.7,,Male,225,76.21,30.64,79.73,46.12,62.66,37.05,34.27,35.86,34.36,24.93,21.82,35.19,44.53,37.96,32.33,44.28,39.37,36.52,39.54,31.49,39.72,0.708439898,0.67491494,257,70.09,33.97,64.34,41.54,61.98,32.92,32.79,33.04,32.82,21.15,20.31,32.04,42.51,37.12,31.25,42.29,39.72,33.63,37.38,30.05,39.59,71.58,41.42,41.83,34.38,71.49,38.23,40.24,30.45,51.83,39.09,43.26,31.37,52.11,38.26,40.49,27.64
540(571),Bhld 9 crossbreed,Non-draught,Holländer crossbreed,Museum für Haustierkunde Julius Kühn of the Martin Luther University of Halle-Wittenberg,4.3,,Female,211,59.37,25.72,64.08,42.24,56.19,28.32,27.37,28.07,27.15,17.71,16.74,26.45,34.22,31.19,24.56,33.31,32.05,27.18,32.13,25.24,32.55,0.669565217,0.681596091,244,54.42,28.61,56.42,40.08,54.29,26.17,25.47,25.94,24.92,16.07,14.18,25.81,34.37,30.94,24.81,33.28,31.06,26.09,31.02,23.71,32.84,63.77,33.26,32.17,25.83,66.22,31.73,32.83,23.94,45.68,31.41,33.71,23.97,46.91,30.74,34.04,22.27
547(734),Bhld17(crossbreed),Non-draught,Holländer crossbreed,Museum für Haustierkunde Julius Kühn of the Martin Luther University of Halle-Wittenberg,6.8,,Male,220,69.62,29.02,76.52,45.21,65.31,34.63,31.66,33.82,32.51,21.96,19.89,33.32,42.97,37.15,30.65,42.22,37.88,34.59,37.37,31.49,38.11,0.659063625,0.648939641,250,64.97,32.97,60.48,42.78,61.56,30.53,30.36,30.75,30.65,18.11,17.94,31.17,41.87,35.76,30.65,41.53,37.48,31.62,31.71,29.66,38.07,68.94,38.94,40.67,34.21,70.14,34.97,40.81,32.52,48.31,38.08,41.64,25.31,47.12,33.92,40.17,24.66
327(259),Bshh3(crossbreed),Non-draught,Shorthorn crossbreed,Museum für Haustierkunde Julius Kühn of the Martin Luther University of Halle-Wittenberg,,,Male,,77.57,29.35,87.76,54.23,71.63,36.35,34.38,35.27,35.68,23.05,22.23,,,,,,,,,,,,,,71.96,37.65,,44.23,68.82,33.77,32.02,,,21.12,19.15,31.39,,,,29.17,,32.28,,29.64,,74.05,45.68,43.71,36.09,70.63,44.17,39.35,34.72,53.97,43.16,41.94,33.32,51.98,39.96,39.47,30.36
592(432),B shh 38(crossbreed),Non-draught,Shorthorn crossbreed,Museum für Haustierkunde Julius Kühn of the Martin Luther University of Halle-Wittenberg,10.3,,Female,220,65.16,27.43,68.88,41.43,56.24,31.54,29.84,30.68,29.03,19.23,17.47,29.56,40.21,34.66,27.98,39.24,35.09,33.05,34.82,28.22,35.78,0.650541272,0.624374553,250,60.95,32.01,57.14,37.13,58.23,28.81,27.46,28.17,27.81,19.17,16.24,29.07,38.37,33.49,27.83,38.94,34.26,30.52,33.65,29.12,35.51,67.24,34.27,35.79,28.88,69.67,32.86,37.12,27.94,49.53,33.14,38.45,26.53,48.62,32.05,37.59,23.88
619(598),B shh62(crossbreed),Non-draught,Shorthorn crossbreed,Museum für Haustierkunde Julius Kühn of the Martin Luther University of Halle-Wittenberg,5.2,,Male,221,70.26,29.68,74.11,43.83,62.66,34.69,31.66,33.41,30.96,22.19,18.48,33.08,41.94,35.79,29.71,40.74,36.44,35.48,36.14,29.52,37.42,0.670798065,0.62201279,251,64.14,31.55,59.51,38.86,60.53,30.41,29.75,29.18,28.62,18.49,17.44,30.63,39.81,34.87,29.41,40.27,36.14,32.02,35.09,30.41,37.38,64.43,37.65,41.38,32.34,66.15,35.26,38.85,30.69,48.97,34.43,39.36,27.55,48.25,33.71,38.88,26.97
537(516),Bhld 6(crossbreed),Non-draught,Holländer  crossbreed,Museum für Haustierkunde Julius Kühn of the Martin Luther University of Halle-Wittenberg,16.7,,Female,199,53.04,24.49,58.12,34.77,45.08,25.77,24.41,25.92,24.64,15.97,13.72,24.05,33.66,29.88,22.97,31.87,29.44,25.59,29.89,21.95,30.03,0.664033264,0.597300827,,51.71,28.93,,33.97,47.56,24.93,23.28,24.42,23.22,13.77,13.25,23.74,32.56,28.93,22.87,32.08,28.94,24.48,28.95,22.55,30.42,60.51,29.46,30.62,26.41,62.66,27.65,32.05,26.99,42.47,29.22,33.64,22.57,43.55,30.16,33.81,24.36
583(376),Bshh27(crossbreed),Non-draught,Shorthorn crossbreed,Museum für Haustierkunde Julius Kühn of the Martin Luther University of Halle-Wittenberg,2.9,,Female,205,64.69,24.58,67.96,43.24,57.68,30.55,27.83,30.02,27.95,20.32,17.45,28.07,36.42,32.89,25.14,34.95,32.43,30.09,32.65,26.39,32.73,0.723904524,0.694112967,235,60.54,29.04,52.38,38.39,56.47,29.05,27.19,28.88,26.67,19.34,16.42,28.43,36.87,32.72,25.51,35.57,32.99,29.19,32.45,25.52,34.79,,,,,,,,,,,,,,,,
566(201),Bshh8(crossbreed),Non-draught,Shorthorn crossbreed,Museum für Haustierkunde Julius Kühn of the Martin Luther University of Halle-Wittenberg,6.9,,Male,243,73.62,30.71,80.64,48.25,70.23,36.01,32.66,34.82,32.11,24.43,20.72,33.41,40.72,37.33,30.13,40.05,36.79,34.28,36.76,28.92,36.57,0.731218198,0.687686691,,,,,,,,,,,,,,,,,,,,,,,75.43,41.58,42.16,30.55,76.54,36.63,42.32,30.63,52.93,39.41,44.54,30.87,51.96,36.83,40.16,24.96
565(161),Bshh7(crossbreed),Non-draught,Shorthorn crossbreed,Museum für Haustierkunde Julius Kühn of the Martin Luther University of Halle-Wittenberg,7,,Male,212,66.32,26.58,73.19,41.64,56.36,32.54,30.07,31.01,30.31,19.81,17.58,29.76,39.67,35.75,27.45,37.94,33.39,31.09,34.87,27.17,34.48,0.665658602,0.640437158,235,58.91,30.66,62.74,38.24,53.42,28.35,26.56,28.38,27.88,17.79,15.39,29.24,39.26,34.84,27.66,37.92,34.58,30.38,34.33,27.52,35.28,64.48,36.69,38.08,30.68,66.19,33.48,40.15,28.24,44.61,34.43,38.86,26.17,43.05,33.68,35.23,23.99
580(339),Bshh23(crossbreed),Non-draught,Shorthorn crossbreed,Museum für Haustierkunde Julius Kühn of the Martin Luther University of Halle-Wittenberg,4.6,,Female,215,64.28,27.36,66.41,44.62,59.13,31.46,29.16,30.91,28.25,20.48,18.08,29.96,38.34,33.47,26.77,37.18,34.52,31.33,33.38,27.84,34.19,0.683578104,0.675382891,,59.22,33.77,,41.68,57.28,28.25,27.21,28.58,26.38,18.21,17.42,28.54,38.09,33.82,26.67,36.95,33.14,30.13,32.71,26.68,33.65,64.23,34.58,33.47,26.63,,32.57,,27.25,45.15,33.04,37.94,24.69,45.37,33.62,33.38,23.77
612(528),Bshh55(crossbreed),Non-draught,Shorthorn crossbreed,Museum für Haustierkunde Julius Kühn of the Martin Luther University of Halle-Wittenberg,7.3,,Male,199,69.71,29.52,78.23,47.79,67.22,33.44,30.81,32.84,30.12,20.35,18.77,31.24,39.79,36.27,29.07,38.92,35.78,32.78,35.41,28.07,36.42,0.651408451,0.645682835,,66.53,32.47,,43.48,62.31,31.11,30.79,30.33,30.06,19.31,19.17,30.64,40.41,35.63,29.08,38.95,36.61,31.46,35.45,27.97,36.74,62.92,39.17,40.59,32.87,67.11,38.84,41.42,29.39,,,,,,,,
215(570),Bshh12(crossbreed) ,Non-draught,Shorthorn crossbreed,Museum für Haustierkunde Julius Kühn of the Martin Luther University of Halle-Wittenberg,3.5,,Male,207,71.12,25.22,75.51,39.56,58.97,34.79,32.93,32.87,31.46,21.33,18.74,31.81,40.02,37.19,28.31,39.32,37.25,31.76,38.09,28.96,38.38,0.670543854,0.661956906,236,67.21,29.33,64.77,34.33,63.95,31.12,31.09,28.22,29.76,18.11,16.42,30.14,39.54,35.78,27.79,38.23,36.17,31.01,36.19,28.67,38.68,,,,,,,,,,,,,,,,
572(229),Bshh15 (crossbreed),Non-draught,Shorthorn crossbreed,Museum für Haustierkunde Julius Kühn of the Martin Luther University of Halle-Wittenberg,3.6,,Male,232,71.43,29.97,77.25,45.75,64.07,33.85,32.71,33.09,31.75,19.59,19.32,29.88,39.38,35.02,28.67,38.49,35.85,31.55,35.91,29.27,36.14,0.65562249,0.673875131,261,65.17,33.45,58.71,40.32,59.81,30.61,30.54,28.74,28.79,17.49,16.52,28.69,39.17,34.51,27.55,38.39,34.84,30.47,34.55,28.22,36.06,69.29,38.99,40.89,30.05,73.18,35.83,39.36,30.84,51.51,36.69,42.23,30.02,50.11,33.93,41.55,24.49
R671,,Non-draught,Chillingham,Bone Laboratory of the University of Leicester,3.5,,Female,177,55.91,20.38,52.89,30.32,48.25,26.15,25.35,24.99,23.79,15.14,15.62,22.18,29.18,25.63,21.47,28.86,26.25,22.15,26.02,21.61,26.37,0.682596934,0.727526782,206,51.95,24.89,44.73,26.27,46.12,24.17,22.74,22.77,22.15,14.38,13.54,21.76,28.85,25.74,21.18,28.19,25.89,22.15,25.71,20.48,26.23,53.25,26.86,26.86,24.94,58.84,26.04,29.49,24.78,38.08,24.39,29.29,22.17,36.89,25.64,28.33,20.06
R673,,Non-draught,Chillingham,Bone Laboratory of the University of Leicester,3.5,,Female,179,55.83,20.77,54.23,30.49,48.95,26.31,25.51,24.83,23.71,15.23,15.17,21.79,29.36,26.08,21.29,28.52,26.19,22.15,26.49,21.51,26.43,0.69894447,0.712541099,214,52.04,25.87,44.48,27.79,46.67,24.12,23.24,22.84,23.04,14.37,13.71,22.08,29.52,25.87,21.48,28.57,26.43,22.64,25.94,21.56,26.79,54.61,27.49,28.65,25.36,57.55,25.77,29.09,23.46,36.36,25.73,28.96,23.32,38.86,26.13,28.19,20.54
R672,,Non-draught,Chillingham,Bone Laboratory of the University of Leicester,3.5,,Female,175,55.59,20.77,53.01,30.14,47.71,26.19,25.37,24.71,23.56,14.59,14.35,22.79,29.33,26.23,21.95,28.96,26.83,23.14,26.51,22.22,26.99,0.640193067,0.653758542,205,51.45,25.61,43.99,25.97,45.74,23.67,23.13,22.73,22.17,15.22,12.64,22.54,28.88,26.09,20.76,28.08,25.97,22.62,25.69,20.66,26.37,54.74,27.91,28.59,25.48,55.88,26.25,31.57,25.76,36.04,27.09,28.42,21.03,37.09,25.94,28.19,20.47
R625,,Non-draught,Chillingham,Bone Laboratory of the University of Leicester,,,Male,188,64.21,24.98,64.07,37.33,53.51,30.39,29.81,29.08,27.99,17.73,18.33,25.23,32.96,28.67,24.02,32.41,29.26,25.64,29.36,24.25,30.14,0.702734839,0.763114072,217,59.07,29.94,50.31,31.53,50.02,28.01,27.06,26.35,25.55,16.41,15.55,24.26,32.05,27.78,22.32,30.74,28.48,24.63,28.16,22.67,29.54,63.21,29.31,33.53,26.51,59.67,29.45,33.36,27.73,38.39,29.52,32.24,25.15,41.46,28.46,31.65,22.61
R760,,Non-draught,Chillingham,Bone Laboratory of the University of Leicester,,,Male,187,65.24,24.86,63.76,38.46,54.15,30.51,30.56,28.62,29.53,18.28,19.04,25.07,32.15,28.98,24.23,31.76,29.35,25.93,29.55,24.96,30.48,0.729158357,0.785802724,221,56.91,29.13,50.66,32.69,51.07,26.86,26.08,24.82,24.84,16.26,15.73,23.64,30.71,26.85,22.38,29.93,27.78,24.55,27.45,21.95,28.74,57.49,31.87,33.18,30.88,60.11,28.36,32.35,27.88,40.73,30.22,33.07,27.21,40.61,28.22,30.35,22.89
1953.4.22.6,,Non-draught,Chillingham,Natural History Museum (London),,9.6,Male,179,59.63,23.76,60.72,33.66,50.84,29.09,26.63,27.12,24.66,16.27,16.62,24.58,31.67,27.76,24.29,30.69,27.46,24.89,28.46,24.59,27.69,0.66192026,0.684232194,210,57.18,27.63,49.08,28.86,49.53,26.93,25.97,25.64,24.56,16.17,14.05,23.22,30.13,27.01,21.68,29.39,27.63,24.69,26.77,21.95,28.76,54.32,29.95,30.96,27.66,59.72,27.26,31.34,26.62,37.27,28.37,30.23,23.55,38.67,26.93,29.81,22.45
1953.4.22.5,,Non-draught,Chillingham,Natural History Museum (London),,8.1,Male,182,61.32,23.15,58.74,33.89,51.94,28.81,28.59,27.88,27.12,16.76,16.54,24.02,31.42,27.43,23.02,30.67,28.24,24.59,28.78,23.95,28.67,0.697751873,0.718505647,214,56.41,27.12,47.85,29.61,48.02,27.13,25.81,24.7,24.21,16.75,16.05,23.23,31.14,26.98,21.31,29.39,26.94,24.49,27.09,21.67,28.14,56.61,29.18,31.14,27.54,58.03,27.51,32.21,26.31,38.79,27.06,30.34,23.78,38.86,26.49,29.65,20.95
1953.4.22.4,,Non-draught,Chillingham,Natural History Museum (London),,1.5,Female,181,53.29,20.69,51.41,28.27,46.21,25.13,24.74,23.68,23.24,14.68,14.18,22.31,28.82,25.36,21.93,28.15,25.81,22.53,26.11,22.26,26.05,0.658000896,0.646602827,214,49.38,23.25,44.31,29.92,44.36,23.22,21.76,22.06,21.13,14.84,12.11,21.91,27.83,25.02,20.06,27.02,25.53,21.99,25.47,20.62,25.71,55.85,25.97,27.76,24.89,57.16,25.47,29.51,22.66,35.46,26.07,27.03,21.82,39.02,24.39,27.76,21.32
1953.4.22.9,,Non-draught,Chillingham,Natural History Museum (London),,,Unknown,177,52.96,20.33,51.62,28.09,45.32,25.17,24.34,23.47,22.88,15.65,14.55,21.06,27.92,24.51,20.62,26.51,24.63,21.47,25.15,21.78,25.43,0.74311491,0.705625606,210,51.75,23.31,44.48,27.01,,24.71,22.48,23.44,22.66,15.67,12.25,22.42,29.49,25.54,20.77,28.03,25.89,22.73,24.98,21.31,27.06,,,,,,,,,,,,,,,,
1953.4.22.9a,,Non-draught,Chillingham,Natural History Museum (London),,,Unknown,,,,,,,,,,,,,,,,,,,,,,,,,209,49.25,23.57,42.99,25.69,44.32,23.25,21.78,21.59,20.68,14.36,11.89,20.92,27.35,24.19,19.31,25.73,24.35,20.81,23.83,19.77,25.01,,,,,,,,,,,,,,,,
1953.4.22.9b,,Non-draught,Chillingham,Natural History Museum (London),,,Unknown,,,,,,,,,,,,,,,,,,,,,,,,,,,,,,,,,,,,,,,,,,,,,,,52.88,26.48,28.04,24.86,54.92,24.65,30.53,23.25,34.31,25.57,27.21,21.19,36.75,24.98,27.36,18.74
1953.4.22.1,,Non-draught,Chillingham,Natural History Museum (London),,,Unknown,,51.42,18.49,49.58,25.33,,25.23,24.21,24.04,21.94,15.17,14.78,20.99,27.67,24.48,19.85,26.81,24.69,20.55,24.97,19.83,24.85,0.722725107,0.744584383,,50.24,20.71,42.34,25.14,,23.75,22.16,22.09,21.64,14.67,12.43,20.84,27.97,24.34,19.49,26.57,24.38,21.57,24.03,19.65,25.29,50.46,24.73,25.38,24.55,52.71,23.07,28.58,22.69,34.46,23.26,26.62,19.02,34.91,24.86,28.63,19.37
1953.4.22.2,,Non-draught,Chillingham,Natural History Museum (London),,,Unknown,177,54.18,19.32,53.63,28.78,,25.22,24.91,24.04,23.64,15.45,15.07,22.26,28.61,25.78,20.92,27.43,25.66,21.64,26.23,21.47,26.38,0.694070081,0.720363289,210,51.03,21.52,45.42,26.48,,23.89,21.82,23.34,22.19,14.67,12.09,21.81,28.87,24.99,20.11,26.95,25.28,21.97,25.22,20.34,25.69,53.66,25.66,27.72,25.51,57.1,24.41,28.38,23.52,34.56,25.57,27.38,20.41,39.78,25.68,29.47,21.72
1981.984,,Non-draught,Chillingham,Natural History Museum (London),14,,Female,183,56.39,21.24,56.76,30.29,48.71,26.77,25.58,25.18,23.84,16.71,15.54,22.11,29.76,26.15,22.04,29.48,26.83,22.78,26.46,22.49,27.05,0.755766621,0.70508167,216,53.97,24.53,46.62,29.67,47.32,25.45,24.12,24.04,23.08,16.04,13.79,22.24,29.81,26.07,21.16,26.68,25.91,22.67,25.91,21.05,26.87,55.13,28.49,30.25,26.11,60.03,26.59,29.09,24.52,36.99,27.18,28.57,23.37,38.27,25.65,31.16,21.63
1981.989,,Non-draught,Chillingham,Natural History Museum (London),10,,Female,186,57.28,21.28,55.43,29.35,49.11,27.34,26.63,25.66,25.04,16.28,16.79,22.25,29.49,25.96,21.85,29.09,26.63,22.92,26.64,21.74,26.99,0.731685393,0.768421053,218,53.35,24.97,46.88,28.42,47.29,24.57,25.46,22.54,23.61,15.68,15.87,21.76,29.57,25.94,20.61,28.72,26.27,22.91,26.13,20.77,27.55,55.19,28.48,30.45,27.46,60.21,26.46,31.44,25.05,38.83,27.81,30.47,22.39,40.55,25.45,29.95,20.16
1981.986,,Non-draught,Chillingham,Natural History Museum (London),14,,Female,180,56.42,20.43,52.53,30.32,47.72,26.26,25.93,24.39,24.22,14.92,15.96,22.19,29.17,25.46,21.73,28.69,25.93,22.81,25.81,22.27,26.37,0.672374944,0.734468477,210,51.72,24.44,46.14,27.26,45.98,24.34,22.98,22.73,22.24,15.31,13.23,21.81,29.41,25.89,21.35,28.22,25.86,22.08,25.74,21.13,26.56,55.26,27.75,29.46,26.41,56.97,25.63,30.05,22.45,36.43,27.22,28.47,23.11,38.23,25.75,27.93,21.13
1981.985,,Non-draught,Chillingham,Natural History Museum (London),5,,Female,178,54.36,19.89,52.24,29.31,47.51,25.64,24.83,24.28,23.59,15.51,14.63,22.42,29.17,26.05,21.35,28.42,26.11,22.19,26.63,21.84,26.16,0.691793042,0.685245902,210,50.85,23.09,44.39,27.66,45.89,24.03,22.81,22.63,22.36,15.48,13.02,21.43,29.08,25.35,20.65,28.19,25.84,22.23,25.43,20.35,26.57,53.21,27.25,28.79,25.23,57.64,25.76,28.94,25.13,37.33,26.16,29.54,21.39,36.08,24.15,29.35,20.12
1924.4.28.1,,Non-draught,Chartley,Natural History Museum (London),,12.35,Male,210,74.55,29.32,75.68,47.55,66.56,35.31,34.31,34.14,32.45,23.72,21.76,29.36,38.26,33.82,27.61,38.07,34.14,31.28,34.27,26.79,35.03,0.807901907,0.788120246,241,66.78,35.82,63.28,37.94,63.38,32.22,30.78,30.68,29.25,21.23,19.34,28.77,38.29,33.23,26.55,37.22,33.52,28.91,33.98,26.48,34.88,65.02,39.68,39.45,33.59,66.94,36.53,40.13,31.14,49.23,36.16,42.88,30.56,46.86,35.09,40.72,28.08
1980.2665,,Non-draught,Chartley,Natural History Museum (London),,10.47,Male,186,64.84,24.79,65.13,41.46,59.36,31.51,29.23,29.87,28.59,22.18,17.66,25.48,33.18,29.56,23.13,32.11,29.46,26.48,30.24,23.18,30.06,0.870486656,0.763510592,216,56.95,29.04,52.48,34.47,54.73,26.95,25.61,26.43,24.74,17.95,16.35,24.81,32.56,28.05,22.45,31.23,28.86,23.55,27.85,22.78,29.74,58.63,36.21,33.32,29.52,63.28,32.37,33.69,26.55,43.63,33.51,38.57,26.15,44.78,31.77,35.77,23.55
1975.303,,Non-draught,Chartley,Natural History Museum (London),,,Male,214,77.22,31.85,81.54,49.53,70.66,37.38,35.68,35.37,34.97,24.08,21.35,32.04,42.79,37.84,29.32,42.41,38.51,33.57,37.94,30.25,39.29,0.751560549,0.728171896,241,70.61,37.66,66.29,42.91,66.08,33.99,33.01,32.56,30.26,23.54,19.94,31.47,42.46,37.37,29.88,41.16,37.92,32.73,37.07,28.92,39.54,67.03,42.63,40.85,35.65,69.93,42.62,40.97,33.63,46.66,38.96,40.92,33.45,48.81,35.68,40.34,28.39
2002.118,,Non-draught,Charolais,Natural History Museum (London),,,Female,205,68.47,27.11,66.19,40.55,59.43,32.63,31.01,31.07,29.89,21.45,20.15,28.34,37.86,33.48,27.08,37.19,33.01,28.35,32.82,26.38,33.51,0.756880734,0.744091581,235,64.67,33.82,56.13,34.75,58.68,29.87,29.57,28.09,27.94,20.27,18.68,27.24,37.38,31.71,26.94,36.75,32.88,28.19,32.24,26.63,33.79,62.31,34.77,36.02,31.21,66.15,32.26,36.18,28.88,42.89,34.28,34.59,25.94,46.24,30.07,36.08,26.04
2002.117,,Non-draught,Jersey,Natural History Museum (London),3.75,,Castrated Male,207,60.11,25.17,61.79,35.61,53.87,30.23,27.56,29.26,27.53,19.98,16.71,26.21,32.45,29.42,24.49,31.87,30.34,26.08,30,24.65,30.57,0.762304464,0.682319314,239,57.25,27.13,50.33,32.59,53.78,26.02,25.59,25.76,25.74,17.12,15.67,25.28,32.49,29.55,24.03,32.77,30.55,25.83,29.75,23.61,31.06,64.67,31.92,35.01,27.49,67.89,29.91,34.73,26.21,44.61,32.67,36.95,24.38,44.13,29.66,32.69,23.52
91.107.M1,,Draught,Romanian Grey & Brown,"Data adapted from Lin et al., 2016 and Bartosiewicz et al., 1997 ",6,,Castrated Male,207.80,80.35,27.79,80.85,44.92,71.54,39.09,36.29,38.21,36.27,25.16,22.31,31.91,43.33,38.40,29.21,42.02,38.74,35.41,39.00,31.74,39.89,0.788467565,0.763779528,231.60,74.48,32.44,69.03,41.57,70.36,33.74,34.62,34.70,34.71,21.75,20.62,30.12,41.85,37.16,29.34,41.86,39.22,32.98,38.05,30.37,40.84,68.1,41.9,45.2,40,69.1,39.2,44.2,36.5,50,40.6,46.9,38.9,49.5,37.9,44.9,31
91.107.M2,,Draught,Romanian Grey & Brown,"Data adapted from Lin et al., 2016 and Bartosiewicz et al., 1997 ",8,,Castrated Male,214.20,87.14,27.27,82.19,45.36,73.80,43.25,42.18,40.15,40.31,29.48,28.98,35.07,46.37,41.83,32.88,45.66,42.91,37.82,42.71,34.65,43.86,0.840604505,0.881386861,240.20,75.39,31.72,65.90,39.62,66.75,36.51,33.88,35.14,33.78,23.64,21.11,31.67,42.82,38.55,29.83,42.40,39.14,32.94,39.37,30.16,40.70,65.1,46.1,57.1,39.7,66.5,41,44.5,36.3,48.1,40.4,45.2,37,46.3,38.2,41.1,30.2
91.107.M3,,Draught,Romanian Grey & Brown,"Data adapted from Lin et al., 2016 and Bartosiewicz et al., 1997 ",10,,Castrated Male,216.70,82.88,26.70,80.71,44.69,68.70,40.69,40.13,39.06,36.42,27.63,27.84,32.77,43.55,38.39,30.24,41.08,38.59,35.63,38.25,31.74,39.85,0.843149222,0.920634921,239.70,70.44,31.81,67.20,35.40,66.05,33.69,32.61,33.78,32.45,22.91,19.46,29.84,40.16,36.32,28.22,39.64,37.43,32.53,36.80,29.42,40.17,67.2,44.7,48.2,39.9,68.1,37.6,44,36.1,50.6,43.2,46.1,43.1,46.3,37.8,41.5,32.8
91.107.M4,,Draught,Romanian Grey & Brown,"Data adapted from Lin et al., 2016 and Bartosiewicz et al., 1997 ",14,,Castrated Male,216.20,75.00,26.34,80.24,41.34,67.49,37.15,34.53,35.72,34.28,24.64,21.99,31.08,41.18,37.14,28.81,39.92,37.63,33.70,37.68,29.64,38.46,0.792792793,0.76327664,244.90,84.70,34.04,66.65,38.71,70.20,43.06,38.12,39.49,37.22,30.89,23.09,34.32,43.00,38.82,30.48,42.79,39.90,36.72,40.30,31.23,43.13,66,40.2,44.1,37.1,70.5,40,50.7,37.5,45.5,38.1,45.1,36.1,48.4,38.2,44.8,31.1
91.107.M5,,Draught,Romanian Grey & Brown,"Data adapted from Lin et al., 2016 and Bartosiewicz et al., 1997 ",6,,Castrated Male,210.60,75.46,27.16,73.99,42.92,68.95,35.97,35.60,35.39,35.02,23.68,22.76,30.24,39.11,35.46,28.91,38.47,35.28,31.80,35.89,29.77,36.34,0.783068783,0.787270841,233.20,69.96,31.12,63.39,37.01,66.93,33.42,30.68,32.07,31.55,23.17,19.19,28.47,38.12,33.75,26.91,37.80,34.69,30.24,33.70,27.72,36.13,62.5,39.2,42.9,36.1,66.2,37.1,42.9,33.9,43.2,38.8,39.2,35,44.1,37.2,41,30.4
91.107.M6,,Draught,Romanian Grey & Brown,"Data adapted from Lin et al., 2016 and Bartosiewicz et al., 1997 ",19,,Castrated Male,221.00,74.40,25.76,75.56,43.68,67.47,36.36,34.24,35.78,33.58,24.23,22.60,30.23,39.17,34.93,28.37,38.47,34.96,32.83,35.51,29.74,36.43,0.801521667,0.796616144,250.00,69.40,33.20,63.30,32.90,64.87,33.15,32.56,32.75,31.43,22.61,21.32,30.70,41.50,37.43,30.56,41.08,38.36,32.54,38.51,30.48,40.25,63.8,39.1,42,36.1,67.2,35.3,40.9,33.9,42.2,38.8,42,36.1,46,35.3,38.7,28
91.107.M7,,Draught,Romanian Grey & Brown,"Data adapted from Lin et al., 2016 and Bartosiewicz et al., 1997 ",14,,Castrated Male,222.90,76.38,27.49,80.90,45.95,73.19,36.73,35.76,36.23,35.76,24.52,24.08,32.28,43.00,38.38,28.80,41.85,38.83,34.17,38.32,29.49,39.29,0.75960347,0.836111111,251.00,74.94,38.13,73.51,40.87,74.58,34.31,33.94,34.26,34.45,22.00,20.97,33.42,44.54,39.81,31.05,44.14,40.73,36.29,40.95,32.20,44.41,68.1,41.5,45.1,36.1,70.7,41.5,47.5,38.9,47.5,39.3,49.2,36.2,48.2,40.1,43.8,37.5
91.107.M8,,Draught,Romanian Grey & Brown,"Data adapted from Lin et al., 2016 and Bartosiewicz et al., 1997 ",,,Castrated Male,,,,,,,,,,,,,,,,,,,,,,,,,,,,,,,,,,,,,,,,,,,,,,,,,,,57.2,31.6,36.1,31.1,,,,,40.1,32.1,34.9,27.1
91.107.M9,,Draught,Romanian Grey & Brown,"Data adapted from Lin et al., 2016 and Bartosiewicz et al., 1997 ",12,,Castrated Male,204.20,73.55,25.20,70.95,41.62,64.48,36.81,34.09,33.25,32.62,25.27,22.55,28.66,37.55,34.12,26.24,37.43,34.62,29.59,33.83,26.93,34.50,0.881716678,0.859375,242.10,75.05,33.15,71.38,37.72,71.10,34.38,36.00,34.52,34.45,22.63,22.59,32.30,43.39,38.95,30.94,42.76,39.85,33.74,39.65,31.86,42.46,61,38.1,38.5,34.1,68.1,38.9,43.8,37.2,41.2,35.9,41.1,35.6,47.6,38.9,45.2,33.7
91.107.M10,,Draught,Romanian Grey & Brown,"Data adapted from Lin et al., 2016 and Bartosiewicz et al., 1997 ",9,,Castrated Male,223.50,81.07,25.81,86.37,48.56,72.71,42.26,35.85,37.75,35.14,29.81,24.25,31.99,41.26,37.75,29.26,40.61,37.82,32.36,37.46,29.98,37.97,0.931853704,0.828776487,254.80,71.13,32.39,69.65,40.65,68.30,33.59,32.40,32.41,32.23,23.53,20.03,28.87,39.90,34.58,26.93,39.41,35.48,30.02,34.84,26.64,36.36,66.7,43.2,46.1,41.2,69.2,39.1,43.5,36.2,49,47,48.5,36.2,49,41.5,44,30.5
91.107.M11,,Draught,Romanian Grey & Brown,"Data adapted from Lin et al., 2016 and Bartosiewicz et al., 1997 ",8,,Castrated Male,234.90,83.61,29.94,85.28,48.91,78.34,38.90,39.79,38.17,38.18,24.69,25.04,33.33,43.89,38.92,30.89,41.62,38.49,35.48,39.51,31.89,40.01,0.740774077,0.810618323,261.50,77.81,37.40,76.94,44.30,74.22,36.39,35.91,35.21,35.24,24.13,21.40,32.78,42.15,37.89,30.61,42.40,39.56,35.25,37.84,30.96,41.41,70.3,44.1,48,39.7,74.1,41.5,48.1,38,49.3,42.4,47.5,38.5,50.9,41.2,45,33.3
91.107.M12,,Draught,Romanian Grey & Brown,"Data adapted from Lin et al., 2016 and Bartosiewicz et al., 1997 ",9,,Castrated Male,205.10,84.46,27.46,77.82,43.86,74.25,44.53,38.18,40.24,37.18,33.13,25.31,31.87,40.02,33.23,28.01,36.63,33.02,35.94,35.44,29.30,34.98,1.039535613,0.903605855,227.90,69.00,31.33,59.97,34.81,64.58,32.84,30.93,30.68,30.66,22.45,18.45,27.03,35.94,32.29,24.96,34.41,32.30,28.11,32.12,25.36,33.99,59,44.9,44.1,36,64.1,35.2,40.8,32.8,42.3,37.5,42.8,37.1,38.7,34.9,37.8,32.1
91.107.M13,,Draught,Romanian Grey & Brown,"Data adapted from Lin et al., 2016 and Bartosiewicz et al., 1997 ",8,,Castrated Male,222.00,78.22,25.06,75.01,42.36,67.30,39.87,35.61,36.19,33.86,27.76,22.07,30.12,37.27,34.90,29.00,36.64,34.05,31.06,35.42,27.21,34.94,0.921646746,0.761034483,230.20,64.00,29.65,58.95,31.18,60.23,30.39,29.13,27.71,28.01,19.83,18.04,26.30,35.19,31.51,24.66,,32.44,26.80,31.46,24.99,33.63,62.1,40.5,44,39,61,34,39.2,31.1,42.5,41.3,44.5,33.8,39.2,34.1,40,28
91.107.M14,,Draught,Romanian Grey & Brown,"Data adapted from Lin et al., 2016 and Bartosiewicz et al., 1997 ",10,,Castrated Male,203.80,71.97,24.66,68.20,39.53,63.73,37.96,31.62,34.42,32.19,26.76,20.29,27.74,36.29,32.41,24.67,34.61,31.25,28.70,32.23,25.29,31.79,0.964671954,0.822456425,230.20,62.06,29.52,55.39,30.55,56.55,29.65,28.37,28.74,27.89,21.69,17.81,24.92,34.71,29.81,22.86,33.35,29.90,26.04,29.99,23.20,31.61,60.3,37.8,39,33.7,61.9,33.2,39.5,31,41,35.2,42,31.5,42.4,33.2,37.2,27.1
91.107.M22,,Draught,Romanian Grey & Brown,"Data adapted from Lin et al., 2016 and Bartosiewicz et al., 1997 ",,,Castrated Male,,,,,,,,,,,,,,,,,,,,,,,,,,,,,,,,,,,,,,,,,,,,,,,65.2,42.1,45.2,38.9,,,,,47.8,40.8,49.1,37.8,,,,
91.107.M23,,Draught,Romanian Grey & Brown,"Data adapted from Lin et al., 2016 and Bartosiewicz et al., 1997 ",,,Castrated Male,,,,,,,,,,,,,,,,,,,,,,,,,,,,,,,,,,,,,,,,,,,,,,,56.1,37.1,39.1,32.1,,,,,40.1,34.5,39,32,,,,
91.107.M24,,Draught,Romanian Grey & Brown,"Data adapted from Lin et al., 2016 and Bartosiewicz et al., 1997 ",,,Castrated Male,,,,,,,,,,,,,,,,,,,,,,,,,,,,,,,,,,,,,,,,,,,,,,,65.2,36.9,43.1,35.2,65.2,36.9,43.1,35.2,,,,,44.1,38.2,38.6,29.1
91.107.M25,,Draught,Romanian Grey & Brown,"Data adapted from Lin et al., 2016 and Bartosiewicz et al., 1997 ",,,Castrated Male,,,,,,,,,,,,,,,,,,,,,,,,,,,,,,,,,,,,,,,,,,,,,,,69.1,40,44.5,35.8,69.14,40,44.5,35.8,,,,,47.1,38.1,45.2,38.1
RGB57,,Non-draught,Romanian Grey & Brown,"Data adapted from Lin et al., 2016 and Bartosiewicz et al., 1997 ",,2,Male,235.1,72.65,29.8,78.79,42.9,72.07,34.33,32.79,34.84,33.21,20.98,20.14,31.62,42.26,36.88,29.63,41.69,37.6,34.02,36.67,30.69,37.65,0.663504111,0.679716504,,,,,,,,,,,,,,,,,,,,,,,59.6,35,37.3,30.9,,,,,,,,,,,,
RGB61,,Non-draught,Romanian Grey & Brown,"Data adapted from Lin et al., 2016 and Bartosiewicz et al., 1997 ",,2,Male,207.2,65.46,25.45,67.32,38.29,62.09,30.89,30.33,31.04,30.41,19.55,19.07,28,36.6,32.96,26.19,35.62,33.31,28.6,33.14,26.43,34.33,0.698214286,0.728140512,,,,,,,,,,,,,,,,,,,,,,,62.1,35.6,39.2,33.1,,,,,,,,,,,,
RGB62,,Non-draught,Romanian Grey & Brown,"Data adapted from Lin et al., 2016 and Bartosiewicz et al., 1997 ",,,Male,225.1,72.55,26.87,76.74,35.81,69.95,34.87,33.52,35.04,32.96,21.45,18.62,30.21,41.89,36.72,28.2,39.54,35.85,32.72,36.84,30.26,37.32,0.710029791,0.660283688,,,,,,,,,,,,,,,,,,,,,,,67,34.9,39,34.1,,,,,,,,,,,,
RGB66,,Non-draught,Romanian Grey & Brown,"Data adapted from Lin et al., 2016 and Bartosiewicz et al., 1997 ",,2,Male,210.7,70.58,25.93,72.36,38.85,68.51,34.13,32.93,34.35,33.02,22.07,20.68,28.56,37.6,33.59,26.54,36.73,33.77,29.26,33.55,26.36,34.6,0.772759104,0.779201206,,,,,,,,,,,,,,,,,,,,,,,62.5,36.2,40.6,34,,,,,,,,,,,,
RGB68,,Non-draught,Romanian Grey & Brown,"Data adapted from Lin et al., 2016 and Bartosiewicz et al., 1997 ",,,Male,216.9,72.78,26.1,75.08,39.06,73.15,34.98,32.89,34.84,33.51,22.35,19.91,29.83,41.07,35.91,28.23,40.16,35.9,32.79,35.39,29.38,36,0.749245726,0.705278073,,,,,,,,,,,,,,,,,,,,,,,66.8,35.2,39.1,33.8,,,,,,,,,,,,
RGB69,,Non-draught,Romanian Grey & Brown,"Data adapted from Lin et al., 2016 and Bartosiewicz et al., 1997 ",,,Male,222.1,70.2,26.94,76.55,35.19,69.49,34.8,32.18,34.68,32.41,21.4,18.91,29.79,41.17,36.02,28.55,39.7,36.04,32.69,36.6,30.18,37.21,0.718361866,0.66234676,,,,,,,,,,,,,,,,,,,,,,,,,,,,,,,,,,,,,,
RGB55,,Non-draught,Romanian Grey & Brown,"Data adapted from Lin et al., 2016",,,Male,,,,,,,,,,,,,,,,,,,,,,,,,245.00,69.98,32.50,66.10,38.20,65.36,32.44,32.21,32.37,32.34,20.76,19.40,30.04,41.03,35.25,28.24,40.98,36.85,30.92,35.39,28.63,37.58,,,,,,,,,,,,,,,,
RGB59,,Non-draught,Romanian Grey & Brown,"Data adapted from Lin et al., 2016",,,Male,,,,,,,,,,,,,,,,,,,,,,,,,233.80,61.27,31.18,60.32,35.13,60.77,28.77,27.74,27.92,27.68,18.54,16.15,26.62,35.58,32.48,25.40,35.38,33.29,27.75,32.53,25.39,34.82,,,,,,,,,,,,,,,,
RGB64,,Non-draught,Romanian Grey & Brown,"Data adapted from Lin et al., 2016",,,Male,,,,,,,,,,,,,,,,,,,,,,,,,236.10,63.96,28.85,59.15,31.99,65.73,30.90,29.64,30.98,29.77,19.80,18.44,27.03,36.24,32.43,25.63,35.88,33.38,28.20,32.98,25.98,34.71,,,,,,,,,,,,,,,,
91.107.M15,,Non-draught,Romanian Grey & Brown,"Bartosiewicz et al., 1997 ",,,Male,,,,,,,,,,,,,,,,,,,,,,,,,,,,,,,,,,,,,,,,,,,,,,,,,,,67.2,36.1,40.2,32.1,46.1,37.5,42,33.2,43.5,33.5,39.6,28.3
91.107.M16,,Non-draught,Romanian Grey & Brown,"Bartosiewicz et al., 1997 ",,,Male,,,,,,,,,,,,,,,,,,,,,,,,,,,,,,,,,,,,,,,,,,,,,,,59.6,35,37.3,30.9,61.3,33.2,37.1,29.4,37.2,32,37,28.3,40.1,31.8,34.5,26.7
91.107.M17,,Non-draught,Romanian Grey & Brown,"Bartosiewicz et al., 1998",,,Male,,,,,,,,,,,,,,,,,,,,,,,,,,,,,,,,,,,,,,,,,,,,,,,67,34.9,39,34.1,,,,,43.7,34.1,38,30.3,,,,
91.107.M18,,Non-draught,Romanian Grey & Brown,"Bartosiewicz et al., 1997 ",,,Male,,,,,,,,,,,,,,,,,,,,,,,,,,,,,,,,,,,,,,,,,,,,,,,62.1,35.6,39.2,33.1,62.9,33.2,38.2,30.5,40.2,34.9,39.1,31.5,41.5,32.1,34.2,27.6
91.107.M20,,Non-draught,Romanian Grey & Brown,"Bartosiewicz et al., 1997 ",,,Male,,,,,,,,,,,,,,,,,,,,,,,,,,,,,,,,,,,,,,,,,,,,,,,62.5,36.2,40.6,34,,,,,41.2,34.7,41.1,31.9,,,,
91.107.M21,,Non-draught,Romanian Grey & Brown,"Bartosiewicz et al., 1997 ",,,Male,,,,,,,,,,,,,,,,,,,,,,,,,,,,,,,,,,,,,,,,,,,,,,,66.8,35.2,39.1,33.8,,,,,43.1,33.6,40.1,31.1,,,,
,,,,,,,,,,,,,,,,,,,,,,,,,,,,,,,,,,,,,,,,,,,,,,,,,,,,,,,,,,,,,,,,,,,,,
,,,,,,,,,,,,,,,,,,,,,,,,,,,,,,,,,,,,,,,,,,,,,,,,,,,,,,,,,,,,,,,,,,,,,
,,,,,,,,,,,,,,,,,,,,,,,,,,,,,,,,,,,,,,,,,,,,,,,,,,,,,,,,,,,,,,,,,,,,,
,,,,,,,,,,,,,,,,,,,,,,,,,,,,,,,,,,,,,,,,,,,,,,,,,,,,,,,,,,,,,,,,,,,,,
,,,,,,,,,,,,,,,,,,,,,,,,,,,,,,,,,,,,,,,,,,,,,,,,,,,,,,,,,,,,,,,,,,,,,
,,,,,,,,,,,,,,,,,,,,,,,,,,,,,,,,,,,,,,,,,,,,,,,,,,,,,,,,,,,,,,,,,,,,,